Stock Code,Name of Listed Company,Listed Company's Website Address
1,Cheung Kong (Holdings) Limited,http://www.ckh.com.hk
2,CLP Holdings Limited,http://www.clpgroup.com
3,The Hong Kong and China Gas Company Limited,http://www.towngas.com
4,The Wharf (Holdings) Limited,http://www.wharfholdings.com
5,HSBC Holdings plc,http://www.hsbc.com
6,Power Assets Holdings Limited,http://www.powerassets.com
7,Karl Thomson Holdings Limited,http://www.ktg.com.hk/ktg_announcement.jsp
8,PCCW Limited,http://www.pccw.com
9,China Mandarin Holdings Limited,http://www.hmdatalink.com/ChinaMandarin
10,Hang Lung Group Limited,http://www.hanglunggroup.com
11,"Hang Seng Bank, Limited",http://www.hangseng.com
12,Henderson Land Development Company Limited,http://www.hld.com
13,Hutchison Whampoa Limited,http://www.hutchison-whampoa.com
14,Hysan Development Company Limited,http://www.hysan.com.hk
15,Vantage International (Holdings) Limited,http://www.capitalfp.com.hk/eng/index.jsp?co=15
16,Sun Hung Kai Properties Limited,http://www.shkp.com
17,New World Development Company Limited,http://www.nwd.com.hk
18,Oriental Press Group Ltd.,http://opg.com.hk
19,Swire Pacific Limited 'A',http://www.swirepacific.com
20,Wheelock And Company Limited,http://www.wheelockcompany.com
21,Waytung Global Group Ltd.,http://www.waytung.com
22,Mexan Limited,http://www.mexanhk.com
23,"The Bank of East Asia, Limited",http://www.hkbea.com
24,Burwill Holdings Limited,http://www.burwill.com
25,Chevalier International Holdings Limited,http://www.chevalier.com
26,"China Motor Bus Company, Limited",http://www.irasia.com/listco/hk/cmb/index.htm
27,Galaxy Entertainment Group Limited,http://www.galaxyentertainment.com
28,Tian An China Investments Company Limited,http://www.irasia.com/listco/hk/tiananchina/index.htm
29,Dynamic Holdings Limited,http://www.dynamic.hk
30,ABC Communications (Holdings) Limited,http://www.0030hk.com/news.php
31,China Aerospace International Holdings Limited,http://www.casil-group.com
32,The Cross-Harbour (Holdings) Limited,http://www.crossharbour.com.hk
33,Rainbow Brothers Holdings Limited,http://www.rainbowbrothers.com
34,Kowloon Development Company Limited,http://www.kdc.com.hk
35,Far East Consortium International Limited,http://www.irasia.com/listco/hk/fareastcon/index.htm
36,Far East Holdings International Limited,http://www.feholdings.com.hk
37,Far East Hotels And Entertainment Limited,http://www.tricor.com.hk/webservice/00037
38,First Tractor Company Limited,http://www.irasia.com/listco/hk/firsttractor
39,Bio-Dynamic Group Limited,http://www.irasia.com/listco/hk/biodynamic/index.htm
40,Gold Peak Industries (Holdings) Limited,http://www.goldpeak.com
41,Great Eagle Holdings Limited,http://www.greateagle.com.hk
42,Northeast Electric Development Company Limited,http://www.nee.hk
43,C.P. Pokphand Co. Ltd.,http://www.cpp.hk
44,Hong Kong Aircraft Engineering Company Limited,http://www.haeco.com
45,"The Hongkong and Shanghai Hotels, Limited",http://www.hshgroup.com
46,Computer And Technologies Holdings Limited,http://www.ctil.com
47,Hop Hing Group Holdings Limited,http://www.hophing.com
48,EganaGoldpfeil (Holdings) Limited,http://www.egana.com
49,Wheelock Properties Limited,http://www.wheelockproperties.com
50,Hong Kong Ferry (Holdings) Company Limited,http://www.hkf.com
51,Harbour Centre Development Limited,http://www.harbourcentre.com.hk
52,Fairwood Holdings Limited,http://www.fairwood.com.hk
53,Guoco Group Limited,http://www.guoco.com
54,Hopewell Holdings Limited,http://www.hopewellholdings.com
55,Neway Group Holdings Ltd,http://www.newaygroup.com.hk
56,Allied Properties (H.K.) Limited,http://www.irasia.com/listco/hk/alliedproperties/index.htm
57,Chen Hsong Holdings Limited,http://www.chenhsong.com.hk
58,Sunway International Holdings Limited,http://www.irasia.com/listco/hk/sunway/index.htm 
59,Skyfame Realty (Holdings) Limited,http://www.sfr59.com
60,Hong Kong Food Investment Holdings Limited,http://www.hongkongfoodinvestment.com.hk
61,Green Global Resources Limited,http://www.northasiaresources.com
62,Transport International Holdings Limited,http://www.tih.hk
63,Winfoong International Limited,http://www.winfoong.com
64,Get Nice Holdings Limited,http://www.capitalfp.com.hk/chi/index.jsp?co=64
65,DeTeam Company Limited,http://www.irasia.com/listco/hk/deteam/index.htm
66,MTR Corporation Limited,http://www.mtr.com.hk
67,China Lumena New Materials Corp.,http://www.lumena.hk
68,Lee Hing Development Limited,http://www.lhd.com.hk
69,Shangri-La Asia Limited,http://www.ir.shangri-la.com
70,Neptune Group Limited,http://www.neptunegroup.com.hk
71,"Miramar Hotel and Investment Company, Limited",http://www.irasia.com/listco/hk/miramar/index.htm
72,Modern Media Holdings Limited,http://www.modernmedia.com.cn
73,Asian Citrus Holdings Limited,http://www.asian-citrus.com
74,Great Wall Technology Company Limited,http://www.greatwalltech.com
75,Y. T. Realty Group Limited,http://www.ytrealtygroup.com.hk
76,South Sea Petroleum Holdings Limited,http://finance.thestandard.com.hk/en/0076southseapetro
77,AMS Public Transport Holdings Limited,http://www.amspt.com
78,Regal Hotels International Holdings Limited,http://www.regal.com.hk
79,Century Legend (Holdings) Limited,http://www.clh.com.hk
80,China New Economy Fund Limited,http://www.chinaneweconomyfund.com
81,China Overseas Grand Oceans Group Limited,http://www.cogogl.com.hk 
82,VODone Limited,http://ir.vodone.com
83,Sino Land Company Limited,http://www.sino.com
84,Stelux Holdings International Limited,http://www.irasia.com/listco/hk/stelux
85,China Electronics Corporation Holdings Company Limited,http://www.cecholding.com
86,Sun Hung Kai & Co. Limited,http://www.shkf.com 
87,Swire Pacific Limited 'B',http://www.swirepacific.com
88,Tai Cheung Holdings Limited,http://www.taicheung.com
89,Tai Sang Land Development Limited,http://www.irasia.com/listco/hk/taisangland/index.htm
90,Amber Energy Limited,http://www.amberenergy.com.hk
91,New Smart Energy Group Limited,http://www.newsmartgroup.com
92,Champion Technology Holdings Limited,http://www.championtechnology.com
93,Termbray Industries International (Holdings) Limited,http://www.termbray.com.hk
94,Greenheart Group Limited,http://www.greenheartgroup.com
95,New Heritage Holdings Ltd.,http://www.nh-holdings.com
96,Yusei Holdings Limited,http://www.yusei.cn
97,Henderson Investment Limited,http://www.hld.com
98,Xingfa Aluminium Holdings Limited,http://www.xingfa.com
99,Wong's International (Holdings) Limited,http://www.wongswih.com
100,Clear Media Limited,http://www.irasia.com/Listco/hk/clearmedia
101,Hang Lung Properties Limited,http://www.hanglung.com
102,Summit Ascent Holdings Limited,http://www.summitascentholdings.com
103,Shougang Concord Century Holdings Limited,http://www.shougangcentury.com.hk
104,Asia Commercial Holdings Limited,http://www.asiacommercialholdings.com
105,Associated International Hotels Limited,http://aihl.etnet.com.hk
106,Shenzhen High-Tech Holdings Limited,http://www.finance.thestandard.com.hk/en/0106shenzhenhitec/index.asp
107,Sichuan Expressway Company Limited,http://www.cygs.com
108,Buildmore International Limited,http://www.capitalfp.com.hk/eng/index.jsp?co=108
109,Good Fellow Resources Holdings Limited,http://www.gfellow.com
110,China Fortune Holdings Limited,http://www.fortunetele.com
111,Cinda International Holdings Limited,http://www.cinda.com.hk
112,"Chi Cheung Investment Company, Limited",http://www.chicheung.com
113,Dickson Concepts (International) Limited,http://www.dickson.com.hk
114,Herald Holdings Limited,http://www.heraldgroup.com.hk
115,Grand Field Group Holdings Limited,http://www.irasia.com/listco/hk/grandfield/
116,Chow Sang Sang Holdings International Limited,http://www.chowsangsang.com
117,"EYANG Holdings (Group) Co., Limited",http://www.szeyang.com
118,Cosmos Machinery Enterprises Limited,http://www.cosmel.com
119,Poly (Hong Kong) Investment Limited,http://www.polyhongkong.com.hk
120,Cosmopolitan International Holdings Limited,http://www.irasia.com/listco/hk/cosmopolitan/index.htm
121,C.P. Lotus Corporation,http://www.cplotuscorp.hk
122,Crocodile Garments Limited,http://www.crocodile.com.hk
123,Yuexiu Property Company Limited,http://www.yuexiuproperty.com 
124,Kingway Brewery Holdings Limited,http://www.kingwaybeer.hk
125,Sun Hing Vision Group Holdings Limited,http://www.sunhingoptical.com
126,Tak Sing Alliance Holdings Limited,http://www.taksing.com.hk
127,Chinese Estates Holdings Limited,http://www.chineseestates.com
128,ENM Holdings Limited,http://www.enmholdings.com
129,Asia Standard International Group Limited,http://www.asiastandard.com
130,Moiselle International Holdings Limited,http://www.moiselle.com.hk
131,Cheuk Nang (Holdings) Limited,http://www.cheuknang.com.hk
132,China Investments Holdings Limited,http://chinainvestments.quamir.com
133,China Merchants China Direct Investments Limited,http://www.cmcdi.com.hk
135,Kunlun Energy Company Limited,http://www.irasia.com/listco/hk/kunlun
136,Mascotte Holdings Limited,http://www.irasia.com/listco/hk/mascotte/index.htm
137,Jinhui Holdings Company Limited,http://www.jinhuiship.com
138,CCT Telecom Holdings Limited,http://www.cct.com.hk
139,ICube Technology Holdings Ltd,http://www.icubetech.com.hk
141,Great China Holdings Limited,http://www.greatchinaholdingsltd.com.hk
142,First Pacific Company Limited,http://www.firstpacific.com
143,Global Tech (Holdings) Limited,http://www.iglobaltech.com
144,China Merchants Holdings (International) Company Limited,http://www.cmhi.com.hk
145,The Hong Kong Building and Loan Agency Limited,http://www.hkbla.com.hk
146,Tai Ping Carpets International Limited,http://www.irasia.com/listco/hk/taipingcarpets/index.htm
147,Chaoyue Group Limited,http://www.chaoyuehk.com
148,Kingboard Chemical Holdings Limited,http://www.kingboard.com
149,China Agri-Products Exchange Limited,http://www.cnagri-products.com
151,Want Want China Holdings Limited,http://www.want-want.com
152,Shenzhen International Holdings Limited,http://www.szihl.com
154,Beijing Development (Hong Kong) Limited,http://www.bdhk.com.hk
155,China Solar Energy Holdings Limited,http://www.chinasolar-energy.com
156,Lippo China Resources Limited,http://www.lcr.com.hk
157,Natural Beauty Bio-Technology Limited,http://www.nblife.com/ir
158,Melbourne Enterprises Limited,http://www.irasia.com/listco/hk/melbourne/index.htm
159,Wah Nam International Holdings Limited,http://www.irasia.com/listco/hk/wahnam 
160,Hon Kwok Land Investment Company Limited,http://www.honkwok.com.hk
161,Catic Shenzhen Holdings Limited,http://www.avic161.com
162,Century Ginwa Retail Holdings Limited,http://www.cgrh.com.hk
163,Emperor International Holdings Limited,http://www.emp163.com
164,China Gamma Group Ltd.,http://finance.thestandard.com.hk/en/0164chinagamma
165,China Everbright Limited,http://www.everbright165.com
166,New Times Group Holdings Limited,http://www.166hk.com 
167,IDT International Limited,http://www.idthk.com
168,Tsingtao Brewery Company Limited,http://stock.tsingtao.com.cn
169,Hengli Properties Development (Group) Limited,http://www.hlgroup.com.hk
170,China Assets (Holdings) Limited,http://www.chinaassets.com
171,Silver Grant International Industries Limited,http://www.silvergrant.com.hk
172,Goldbond Group Holdings Limited,http://www.irasia.com/listco/hk/goldbondgroup/index.htm
173,K. Wah International Holdings Limited,http://www.kwih.com
174,Gemini Property Investments Limited,http://www.geminiproperty.com.hk
175,Geely Automobile Holdings Limited,http://www.geelyauto.com.hk
176,United Pacific Industries Limited,http://www.irasia.com/listco/hk/upi/ 
177,Jiangsu Expressway Company Limited,http://www.jsexpressway.com
178,Sa Sa International Holdings Limited,http://www.sasa.com
179,Johnson Electric Holdings Limited,http://www.johnsonelectric.com
180,Kader Holdings Company Limited,http://www.kaderholdings.com
181,Fujian Holdings Limited,http://www.fujianholdings.com
182,China WindPower Group Limited,http://www.irasia.com/listco/hk/chinawindpower
183,Richfield Group Holdings Limited,http://ir.sinodelta.com.hk/richfieldgp
184,Keck Seng Investments (Hong Kong) Limited,http://www.keckseng.com.hk
185,Xpress Groups Limited,http://www.xpressgroup.com
186,The Grande Holdings Limited,http://www.grandeholdings.com
187,Beiren Printing Machinery Holdings Limited,http://www.beirengf.com
188,SW Kingsway Capital Holdings Limited,http://www.kingswaygroup.com
189,Dongyue Group Limited,http://www.dongyuechem.com
190,HKC (Holdings) Limited,http://www.hkcholdings.com
191,Lai Sun Garment (International) Limited,http://www.laisun.com
193,Capital Estate Limited,http://www.capitalestate.com.hk
194,Liu Chong Hing Investment Limited,http://www.lchi.com.hk
195,Vitar International Holdings Limited,http://www.vitar.com.hk
196,Honghua Group Limited,http://www.hh-gltd.com
197,Heng Tai Consumables Group Limited,http://www.hengtai.com.hk
198,SMI Corporation Limited,http://www.smi198.com
199,ITC Properties Group Limited,http://www.itcproperties.com 
200,Melco International Development Limited,http://www.melco-group.com
201,Magnificent Estates Limited,http://www.shunho.com.hk
202,Interchina Holdings Company Limited,http://www.interchina.com.hk
203,Denway Motors Limited,http://www.denway-motors.com
204,Temujin International Investments Ltd,http://www.irasia.com/listco/hk/temujin/index.htm
205,SEEC Media Group Limited,http://www.irasia.com/listco/hk/seecmedia/index.htm
206,TSC Group Holdings Limited,http://www.tsc-holdings.com
207,The Hong Kong Parkview Group Limited,http://hkparkviewgroup.com
208,Polytec Asset Holdings Limited,http://www.polytecasset.com
209,China Tycoon Beverage Holdings Limited,http://www.chinatycoon.com.hk
210,Daphne International Holdings Limited,http://www.daphneholdings.com
211,Styland Holdings Limited,http://www.irasia.com/listco/hk/styland/index.htm
212,Nanyang Holdings Limited,http://www.nanyangholdingslimited.com
213,National Electronics Holdings Limited,http://www.irasia.com/listco/hk/national/index.htm
214,Asia Orient Holdings Limited,http://www.asiaorient.com.hk
215,Hutchison Telecommunications Hong Kong Holdings Limited,http://www.hthkh.com
216,"Chinney Investments, Limited",http://www.chinney.com.hk
217,China Chengtong Development Group Limited,http://www.irasia.com/listco/hk/chengtong 
218,Shenyin Wanguo (H.K.) Limited,http://www.sywg.com.hk
219,Shun Ho Technology Holdings Limited,http://www.shunho.com.hk
220,Uni-President China Holdings Limited,http://www.UPCH.com.cn
221,PNG Resources Holdings Limited,http://www.pngresources.com 
222,Min Xin Holdings Limited,http://www.minxin.com.hk
223,Sino Resources Group Limited,http://www.capitalfp.com.hk/eng/index.jsp?co=223
224,Pioneer Global Group Limited,http://www.irasia.com/listco/hk/pioneer/index.htm
225,Pokfulam Development Company Limited,http://www.tricor.com.hk/webservice/00225
226,Lippo Limited,http://www.lippoltd.com.hk
227,First Shanghai Investments Limited,http://www.firstshanghai.com.hk
228,China Energy Development Holdings Limited,http://www.cnenergy.com.hk
229,Raymond Industrial Limited,http://www.raymondfinance.com
230,Minmetals Land Limited,http://www.minmetalsland.com
231,Dynamic Global Holdings Limited,http://www.dgholdings.com.hk
232,AVIC International Holding (HK) Ltd,http://www.avic.com.hk
233,Mingyuan Medicare Development Company Limited,http://www.mymedicare.com.hk
234,New Century Group Hong Kong Limited,http://www.ncgrp.com.hk
235,China Strategic Holdings Limited,http://www.cshgroup.com
236,San Miguel Brewery Hong Kong Limited,http://info.sanmiguel.com.hk
237,"Safety Godown Company, Limited",http://www.safetygodown.com
238,Evergreen International Holdings Limited,http://www.evergreen-intl.com
239,Pak Fah Yeow International Limited,http://www.whiteflower.com
240,Build King Holdings Limited,http://www.buildking.hk
241,CITIC 21CN Company Limited,http://www.irasia.com/listco/hk/citic21cn/index.htm
242,Shun Tak Holdings Limited,http://www.shuntakgroup.com
243,QPL International Holdings Limited,http://www.qpl.com
244,"The Sincere Company, Limited",http://www.irasia.com/listco/hk/sincere/index.htm
245,China Seven Star Shopping Limited,http://www.sevenstar.hk.
246,Real Gold Mining Limited,http://www.realgoldmining.com
247,Tsim Sha Tsui Properties Limited,http://www.sino.com
248,HKC International Holdings Limited,http://www.hkc.com.hk
250,Sino-i Technology Limited,http://www.sino-i.com
251,S E A Holdings Limited,http://www.seagroup.com.hk
252,Southeast Asia Properties & Finance Limited,http://www.seapnf.com.hk
253,Shun Ho Resources Holdings Limited,http://www.shunho.com.hk
254,China Outdoor Media Group Limited,http://www.comg.com.hk
255,Lung Kee (Bermuda) Holdings Limited,http://www.irasia.com/listco/hk/lkm
256,China Haidian Holdings Limited,http://www.irasia.com/listco/hk/chinahaidian
257,China Everbright International Limited,http://www.ebchinaintl.com
258,Tomson Group Limited,http://www.tomson.com.hk
259,Yeebo (International Holdings) Limited,http://www.yeebo.com.hk
260,Sino Gas Group Limited,http://www.irasia.com/listco/hk/sinogas/index.htm
261,CCT Tech International Limited,http://www.cct-tech.com.hk
262,Deson Development International Holdings Limited,http://www.deson.com
263,China Yunnan Tin Minerals Group Co. Ltd.,http://www.cytmg.com
264,Chanco International Group Limited,http://www.irasia.com/listco/hk/chanco/index.htm
265,South China Holdings Limited,http://www.sctrade.com
266,Tian Teck Land Limited,http://ttll.etnet.com.hk
267,CITIC Pacific Limited,http://www.citicpacific.com
268,Kingdee International Software Group Company Limited,http://www.kingdee.com
269,China Timber Resources Group Limited,http://www.ctrg.com.hk
270,Guangdong Investment Limited,http://www.gdi.com.hk
271,Dan Form Holdings Company Limited,http://www.danform.com.hk
272,Shui On Land Limited,http://www.shuionland.com
273,Willie International Holdings Limited,http://www.irasia.com/listco/hk/willie/index.htm
274,Global Green Tech Group Limited,http://www.globalgreentech.com
275,Hanny Holdings Limited,http://www.hanny.com
276,Mongolia Energy Corporation Limited,http://www.mongolia-energy.com
277,Tern Properties Company Limited,http://www.tern.hk
278,Wah Ha Realty Company Limited,http://www.wahha.com
279,Freeman Financial Corporation Limited,http://www.freeman279.com
280,King Fook Holdings Limited,http://www.irasia.com/listco/hk/kingfook/index.htm
281,Rivera (Holdings) Limited,http://www.rivera.com.hk
282,Next Media Limited,http://www.nextmedia.com
283,Goldin Properties Holdings Limited,http://www.goldinppt.com 
285,BYD Electronics (International) Company Limited,http://www.byd-electronic.com
286,G-Prop (Holdings) Limited,http://www.g-prop.com.hk
287,Winfair Investment Company Limited,http://winfairinvestment.com
288,Cosway Corporation Limited,http://www.coswaycorp.com
289,Wing On Company International Limited,http://www.wingonet.com
290,China Fortune Group Limited,http://www.290.com.hk
291,"China Resources Enterprise, Limited",http://www.cre.com.hk
292,Asia Standard Hotel Group Limited,http://www.asiastandardhotelgroup.com
293,Cathay Pacific Airways Limited,http://www.cathaypacific.com/cpa/en_INTL/aboutus/investor
294,Yangtzekiang Garment Limited,http://www.ygm.com.hk
295,Kong Sun Holdings Limited,http://www.kongsun-holdings.com
296,Emperor Entertainment Hotel Limited,http://www.emp296.com
297,Sinofert Holdings Limited,http://www.sinofert.com.hk
298,Chuang's China Investments Limited,http://www.chuangs-china.com
299,Sinocom Software Group Limited,http://www.sinocom.cn
300,Shenji Group Kunming Machine Tool Company Limited,http://www.kmtcl.com.cn
302,"Wing Hang Bank, Limited",http://www.whbhk.com
303,Vtech Holdings Limited,http://www.irasia.com/listco/hk/vtech
304,Peace Mark (Holdings) Limited,http://www.fh.com.hk/peacemark.html 
305,Wuling Motors Holdings Limited,http://www.wuling.com.hk
306,Kwoon Chung Bus Holdings Limited,http://www.kcbh.com.hk
307,Up Energy Development Group Limited,http://www.irasia.com/listco/hk/upenergy 
308,China Travel International Investment Hong Kong Limited,http://irasia.com/listco/hk/ctii
309,Xinhua News Media Holdings Limited,http://www.losgroup.com
310,Prosperity Investment Holdings Limited,http://www.irasia.com/listco/hk/prosperityinv/index.htm
311,Luen Thai Holdings Limited,http://www2.luenthai.com/en/investor_relations
312,Shirble Department Store Holdings (China) Limited,http://www.shirble.net
313,Richly Field China Development Limited,http://www.equitynet.com.hk/richlyfield
315,Smartone Telecommunications Holdings Limited,http://www.smartone.com.hk
316,Orient Overseas (International) Limited,http://www.ooilgroup.com
317,Guangzhou Shipyard International Company Limited,http://www.chinagsi.com
318,Vongroup Limited,http://www.thevongroup.com
319,China Metal International Holdings Inc.,http://www.hkstockinfo.com/china_metal
320,Computime Group Limited,http://www.computime.com
321,Texwinca Holdings Limited,http://www.texwinca.com
322,Tingyi (Cayman Islands) Holding Corp.,http://www.irasia.com/listco/hk/tingyi
323,Maanshan Iron & Steel Company Limited,http://www.magang.com.hk
325,Trauson Holdings Company Limited,http://www.trauson.com
326,China Star Entertainment Limited,http://www.chinastar.com.hk
327,PAX Global Technology Limited,http://www.paxglobal.com.hk
328,Alco Holdings Limited,http://www.irasia.com/listco/hk/alco/index.htm
329,Dragonite International Limited,http://www.dragonite.com.hk 
330,Esprit Holdings Limited,http://www.espritholdings.com
331,PCD Stores (Group) Limited,http://www.pcds.com.cn
332,Ngai Lik Industrial Holdings Limited,http://www.irasia.com/listco/hk/ngailik
333,Top Form International Limited,http://www.topformbras.com
334,Proview International Holdings Limited,http://www.quamir.com/quamir/ircompanydetail.action?request_locale=en_US&coId=327
335,Upbest Group Limited,http://www.upbest.com
336,Huabao International Holdings Limited,http://www.huabao.com.hk
337,SPG Land (Holdings) Limited,http://www.spgland.com
338,Sinopec Shanghai Petrochemical Company Limited,http://www.spc.com.cn
339,Earnest Investments Holdings Limited,http://www.earnest-inv.com
340,China Mining Resources Group Limited,http://www.chinaminingresources.com
341,Cafe de Coral Holdings Limited,http://www.cafedecoral.com/web/ir/legal.htm
342,NewOcean Energy Holdings Limited,http://www.newoceanhk.com
343,Culturecom Holdings Limited,http://www.culturecom.com.hk
345,Vitasoy International Holdings Limited,http://www.vitasoy.com
346,Sino Union Petroleum & Chemical International Limited,http://www.sunpec.com
347,Angang Steel Company Limited,http://angang.wspr.com.hk
348,Lung Cheong International Holdings Limited,http://www.e-lci.com
349,Industrial and Commercial Bank Of China (Asia) Limited,http://www.icbcasia.com
350,Jingwei Textile Machinery Company Limited,http://www.jwgf.com
351,Asia Energy Logistics Group Limited,http://www.aelg.com.hk 
352,Fortune Sun (China) Holdings Limited,http://www.fortune-sun.com/english/stock.php
353,Energy International Investments Holdings,http://www.irasia.com/listco/hk/eih/index.htm 
,Limited,
354,Chinasoft International Limited,http://www.chinasofti.com
355,Century City International Holdings Limited,http://www.centurycity.com.hk
356,Incutech Investments Limited,http://www.hklistedco.com/356.asp 
357,Hainan Meilan International Airport Company Limited,http://www.mlairport.com
358,Jiangxi Copper Company Limited,http://www.jxcc.com
359,"China Haisheng Juice Holdings Co., Ltd.",http://www.chinahaisheng.com
360,New Focus Auto Tech Holdings Limited,http://www.nfa360.com
361,Sino Golf Holdings Limited,http://www.sinogolf.com
362,China Zenith Chemical Group Limited,http://www.irasia.com/listco/hk/chinazenith
363,Shanghai Industrial Holdings Limited,http://www.sihl.com.hk
364,Huafeng Group Holdings Limited,http://www.huafeng.com.hk
365,Sun East Technology (Holdings) Limited,http://www.suneasthk.com
366,"Luks Group (Vietnam Holdings) Co., Limited",http://www.luks.com.hk
367,Chuang's Consortium International Limited,http://www.chuangs-consortium.com
368,Sinotrans Shipping Limited,http://www.sinotranship.com
369,Wing Tai Properties Limited,http://www.wingtaiproperties.com
370,China Best Group Holding Limited,http://www.cbgroup.com.hk
371,Beijing Enterprises Water Group Limited,http://www.bewg.com.hk
372,ITC Corporation Limited,http://www.itc.com.hk
373,Allied Group Limited,http://www.irasia.com/listco/hk/alliedgroup/index.htm
374,Four Seas Mercantile Holdings Limited,http://www.fourseasgroup.com.hk
375,YGM Trading Limited,http://www.ygmtrading.com
376,Asia TeleMedia Limited,http://www.asiatelemedia.tv
377,New Island Printing Holdings Limited,http://www.newisland.com
378,CIAM Group Limited,http://www.ciamgroup.com 
379,PME Group Limited,http://www.pme8.com
380,China Pipe Group Limited,http://www.chinapipegroup.com
381,Kiu Hung Energy Holdings Limited,http://www.381energy.com
382,Welling Holding Limited,http://www.welling.com.cn 
383,COL Capital Limited,http://www.irasia.com/listco/hk/colcapital/index.htm
384,China Gas Holdings Limited,http://www.chinagasholdings.com.hk
385,Chinney Alliance Group Limited,http://chinneyalliancegroup.etnet.com.hk
386,China Petroleum & Chemical Corporation,http://www.sinopec.com
387,Leeport (Holdings) Limited,http://www.leeport.com.hk
388,Hong Kong Exchanges and Clearing Limited,http://www.hkex.com.hk
389,China Tontine Wines Group Limited,http://www.tontine-wines.com.hk
390,China Railway Group Limited,http://www.crec.cn
391,Mei Ah Entertainment Group Limited,http://www.meiah.com
392,Beijing Enterprises Holdings Limited,http://www.behl.com.hk
393,Glorious Sun Enterprises Limited,http://www.glorisun.com
395,China Zirconium Limited,http://www.chinazirconium.com.hk
396,Hing Lee (HK) Holdings Limited,http://www.hingleehk.com.hk
397,China Gogreen Assets Investment Limited,http://www.chinagogreen.com.hk
398,Oriental Watch Holdings Limited,http://www.orientalwatch.com.hk
399,United Gene High-Tech Group Limited,http://www.unitedgenegroup.com
402,Mongolia Investment Group Limited,http://www.migmgl.com
403,Starlite Holdings Limited,http://www.hkstarlite.com
404,Hsin Chong Construction Group Limited,http://www.hsinchong.com
405,GZI Real Estate Investment Trust,http://www.gzireit.com.hk
406,Yau Lee Holdings Limited,http://www.irasia.com/listco/hk/yaulee 
408,Yip's Chemical Holdings Limited,http://www.yipschemical.com
410,SOHO China Limited,http://www.sohochina.com
411,Lam Soon (Hong Kong) Limited,http://www.lamsoon.com
412,Heritage International Holdings Limited,http://www.heritage.com.hk
413,South China (China) Limited,http://www.scchina.co
417,Tse Sui Luen Jewellery (International) Limited,http://tsl.etnet.com.hk
418,Founder Holdings Limited,http://www.irasia.com/listco/hk/founder/index.htm
419,Media China Corporation Limited,http://www.mediachina-corp.com
420,Fountain Set (Holdings) Limited,http://www.fshl.com/html_eng/investor03.html
421,China Daye Non-Ferrous Metals Mining Ltd. - Conv Pref Shs,http://www.hk661.com 
422,Vietnam Manufacturing and Export Processing (Holdings) Limited,http://www.vmeph.com
423,Hong Kong Economic Times Holdings Limited,http://www.hketgroup.com
425,Minth Group Limited,http://www.minthgroup.com
426,One Media Group Limited,http://www.omghk.com
428,Harmony Asset Limited,http://www.harmonyasset.com.hk
430,Oriental Explorer Holdings Limited,http://www.irasia.com/listco/hk/orientalexplorer/index.htm
431,Greater China Holdings Limited,http://www.irasia.com/listco/hk/greaterchina/index.htm
432,Pacific Century Premium Developments Limited,http://www.pcpd.com
433,North Mining Shares Company Limited,http://www.northmining.com.hk
435,Sunlight Real Estate Investment Trust Scheme,http://www.sunlightreit.com
438,IRICO Group Electronics Company Limited,http://www.irico.com.cn
439,Climax International Company Limited,http://www.climaxintlco.com
440,Dah Sing Financial Holdings Limited,http://www.dahsing.com
444,Sincere Watch (Hong Kong) Limited,http://www.sincerewatch.com.hk
445,China Fire Safety Enterprise Group Limited,http://www.chinafire.com.cn
448,Hang Ten Group Holdings Limited,http://www.hangten.com.hk
449,Chigo Holding Limited,http://www.china-chigo.com
450,Hung Hing Printing Group Limited,http://www.hhop.com.hk
451,Same Time Holdings Limited,http://www.sametimeholdings.com
455,Yunnan Enterprises Holdings Limited,http://www.yunnan.com.hk
456,New City (China) Development Limited,http://www.newcity-china.com
458,Tristate Holdings Limited,http://www.tristateww.com
459,Midland IC&I Limited,http://www.midlandici.com.hk
460,Sihuan Pharmaceutical Holdings Group Ltd.,http://www.sihuanpharm.com
462,Natural Dairy (NZ) Holdings Limited,http://www.aplushk.com/clients/0462CJH/index.html
464,Kenford Group Holdings Limited,http://www.kenford.com.hk
465,Futong Technology Development Holdings Limited,http://www.futong.com.hk
467,United Energy Group Limited,http://www.uegl.com.hk
468,Greatview Aseptic Packaging Company Ltd.,http://www.ga-pack.com
469,Capxon International Electronic Company Limited,http://www.capxongroup.com
471,Global Flex Holdings Limited,http://www.irasia.com/listco/hk/globalflex/
472,JLF Investment Company Limited,http://www.jlfinvestment.com
474,Hao Tian Resources Group Limited,http://www.haotianhk.com 
475,Noble Jewelry Holdings Limited,http://www.noble.com.hk
476,Sinocop Resources (Holdings) Limited,http://www.sinocopresources.com
477,Aupu Group Holding Company Limited,http://www.aupu.cn
479,CIL Holdings Limited,http://www.cil479.com.hk
480,HKR International Limited,http://www.hkri.com
482,Sandmartin International Holdings Limited,http://www.sandmartin.com.hk
483,Bauhaus International (Holdings) Limited,http://www.bauhaus.com.hk
485,Starlight International Holdings Limited,http://www.starlight.com.hk
486,United Company RUSAL Plc,http://www.rusal.com
487,Success Universe Group Limited,http://www.successug.com 
488,Lai Sun Development Company Limited,http://www.laisun.com
489,Dongfeng Motor Group Company Limited,http://www.dfmg.com.cn
491,See Corporation Limited,http://www.irasia.com/listco/hk/see
493,GOME Electrical Appliances Holding Limited,http://www.gome.com.hk
494,Li & Fung Limited,http://www.lifung.com
495,Paladin Limited,http://www.paladinlimited.com
496,Kasen International Holdings Limited,http://www.irasia.com/listco/hk/kasen/index.htm
497,CSI Properties Limited,http://www.csigroup.hk/
498,PYI Corporation Limited,http://www.pyicorp.com
499,Hycomm Wireless Limited,http://www.hycomm-wireless.com
500,DVN (Holdings) Limited,http://www.irasia.com/listco/hk/dvn
502,Pan Sino International Holding Limited,http://www.tricor.com.hk/webservice/000502/index_en.asp
503,Lansen Pharmaceutical Holdings Limited,http://www.lansen.com.cn
505,Xingye Copper International Group Limited,http://www.xingyecopper.com
506,China Foods Limited,http://www.chinafoodsltd.com
508,Chevalier Pacific Holdings Limited,http://www.chevalier.com
509,Century Sunshine Group Holdings Limited,http://www.centurysunshine.com.hk
510,CASH Financial Services Group Limited,http://www.cashon-line.com
511,Television Broadcasts Limited,http://www.tvb.com
512,China Grand Pharmaceutical and Healthcare Holdings Limited,http://www.chinagrandpharm.com 
513,Continental Holdings Limited,http://www.equitynet.com.hk/hk513
515,TC Interconnect Holdings Limited,http://www.tatchun.com
516,Pyxis Group Limited,http://www.capitalfp.com.hk/eng/index.jsp?co=516
517,COSCO International Holdings Limited,http://www.coscointl.com
518,Tungtex (Holdings) Company Limited,http://www.tungtex.com
519,Applied Development Holdings Limited,http://www.applieddev.com
521,Shougang Concord Technology Holdings Limited,http://www.shougang-tech.com.hk
522,ASM Pacific Technology Limited,http://www.asmpacific.com
524,e-Kong Group Limited,http://www.e-kong.com
525,Guangshen Railway Company Limited,http://www.gsrc.com
526,Lisi Group (Holdings) Limited,http://www.magician.com.hk
527,China Ruifeng Galaxy Renewable Energy Holdings Limited,http://www.galaxycn.com
528,Kingdom Holdings Limited,http://www.kingdom-china.com
529,SiS International Holdings Limited,http://www.sisinternational.com.hk
530,Goldin Financial Holdings Limited,http://www.goldinfinancial.com
531,Samson Holding Ltd,http://www.samsonholding.com
532,Wong's Kong King International (Holdings) Limited,http://www.wkkintl.com
533,Goldlion Holdings Limited,http://www.goldlion.com
535,Frasers Property (China) Limited,http://www.fraserschina.com
536,Tradelink Electronic Commerce Limited,http://www.tradelink.com.hk
538,Ajisen (China) Holdings Limited,http://www.ajisen.com.hk
539,Victory City International Holdings Limited,http://www.victorycity.com.hk
542,Morning Star Resources Limited,http://www.msr.com.hk
543,Pacific Online Limited,http://corp.pconline.com.cn
544,Daido Group Limited,http://www.irasia.com/listco/hk/daido/index.htm
546,Fufeng Group Limited,http://www.fufeng-group.com
547,Sun Innovation Holdings Limited,http://www.suninnovation.com
548,Shenzhen Expressway Company Limited,http://www.sz-expressway.com/
549,"Jilin Qifeng Chemical Fiber Co., Ltd.",http://www.qifengfiber.com/
550,Recruit Holdings Limited,http://www.recruitonline.com
551,Yue Yuen Industrial (Holdings) Limited,http://www.yueyuen.com
552,China Communications Services Corporation Limited,http://www.chinaccs.com.hk
553,Nanjing Panda Electronics Company Limited,http://www.panda.cn
554,Hans Energy Company Limited,http://www.hansenergy.com
555,REXLot Holdings Limited,http://finance.thestandard.com.hk/en/0555rexlot
556,Pan Asia Environmental Protection Group Limited,http://www.paep.com.cn
557,City e-Solutions Limited,http://finance.thestandard.com.hk/en/0557cityesolutions
558,L.K. Technology Holdings Limited,http://www.lktechnology.com
559,Hua Yi Copper Holdings Limited,http://www.huayicopper.com
560,Chu Kong Shipping Development Company Limited,http://www.cksd.com
563,Shanghai Industrial Urban Development Group Limited,http://www.siud.com 
565,Art Textile Technology International Company Limited,http://arttextile.etnet.com.hk
566,Apollo Solar Energy Technology Holdings Limited,http://www.apollosolar.com.hk
567,Daisho Microline Holdings Limited,http://www.irasia.com/listco/hk/daisho
568,Shandong Molong Petroleum Machinery Company Limited,http://www.molonggroup.com
569,China Automation Group Limited,http://www.cag.com.hk
570,Winteam Pharmaceutical Group Limited,http://www.winteamgroup.com 
571,eSun Holdings Limited,http://www.laisun.com
572,China Packaging Group Co. Limited,http://www.cpackaging.com.hk
573,Tao Heung Holdings Limited,http://www.taoheung.com.hk
575,Regent Pacific Group Limited,http://www.regentpac.com
576,"Zhejiang Expressway Co., Ltd.",http://www.zjec.com.cn
577,Paul Y. Engineering Group Limited,http://www.pyengineering.com
578,China CBM Group Limited,http://www.irasia.com/listco/hk/ccbmg
580,Sun.King Power Electronics Group Limited,http://www.speg.hk
581,China Oriental Group Company Limited,http://www.chinaorientalgroup.com
582,Greenfield Chemical Holdings Limited,http://www.gch.hk
583,SCMP Group Limited,http://www.scmpgroup.com
585,Imagi International Holdings Limited,http://www.imagi.com.hk
587,Hua Han Bio-Pharmaceutical Holdings Limited,http://www.huahanbp.com.hk
588,Beijing North Star Company Limited,http://www.beijingns.com.cn
589,Ports Design Limited,http://www.portsdesign.com
590,Luk Fook Holdings (International) Limited,http://www.lukfook.com.hk
591,China High Precision Automation Group Limited,http://www.chpag.net
592,Bossini International Holdings Limited,http://www.bossini.com
593,Allied Overseas Limited,http://www.alliedoverseas.com.hk 
595,AV Concept Holdings Limited,http://www.avconcept.com
596,Inspur International Limited,http://www.inspur.com.hk
597,China Resources Microelectronics Limited,http://www.crmicro.com
598,Sinotrans Limited,http://www.sinotrans.com
599,E. Bon Holdings Limited,http://www.ebon.com.hk
600,China Infrastructure Investment Limited,http://www.china-infrastructure.com
601,Group Sense (International) Limited,http://www.gsl.com.hk
602,Jiahua Stores Holdings Limited,http://www.szbjh.com
603,China Oil And Gas Group Limited,http://www.hk603.com
604,Shenzhen Investment Limited,http://www.shenzheninvestment.com
605,K.P.I. Company Limited,http://www.kpi.com.hk
606,China Agri-Industries Holdings Limited,http://www.chinaagri.com
607,Warderly International Holdings Limited,http://www.todayir.com/e/showcases_details.php?code=607
608,High Fashion International Limited,http://www.highfashion.com.hk
609,Tiande Chemical Holdings Limited,http://tdchem.hi2000.com
610,Wai Kee Holdings Limited,http://www.waikee.com
611,Tack Hsin Holdings Limited,http://tackhsin.etnet.com.hk
612,China Investment Fund Company Limited,http://www.irasia.com/listco/hk/cif/
613,Yugang International Limited,http://www.yugang.com.hk
616,Easyknit Enterprises Holdings Limited,http://www.easyknitenterp.com
617,Paliburg Holdings Limited,http://www.paliburg.com.hk
618,EC-Founder (Holdings) Company Limited,http://www.irasia.com/listco/hk/ecfounder/index.htm
619,South China Financial Holdings Limited,http://www.sctrade.com
620,UDL Holdings Limited,http://www.udl.com.hk
621,Wing Hing International (Holdings) Limited,http://www.whih.com.hk/news.php
622,Enerchina Holdings Limited,http://www.enerchina.com.hk
623,SinoMedia Holding Limited,http://www.sinomedia.com.hk
625,RREEF China Commercial Trust,http://www.rreefchinatrust.com/
626,Public Financial Holdings Limited,http://www.publicfinancial.com.hk 
627,U-RIGHT International Holdings Limited,http://www.uright-627.info
628,Dore Holdings Limited,http://www.dore-holdings.com.hk 
629,Yue Da Mining Holdings Limited,http://www.yueda.com.hk
630,Jackin International Holdings Limited,http://www.jackin.com
631,Sany Heavy Equipment International Holdings Company Limited,http://www.sanyhe.com
632,Pearl Oriental Innovation Limited,http://www.pearloriental.com
633,China All Access (Holdings) Limited,http://www.chinaallaccess.com
635,Playmates Holdings Limited,http://www.playmates.net
636,Fubon Bank (Hong Kong) Limited,http://www.fubonbank.com.hk
637,Lee Kee Holdings Limited,http://www.leekeegroup.com
638,Kin Yat Holdings Limited,http://www.kinyat.com
639,Shougang Fushan Resources Group Limited,http://www.shougang-resources.com.hk
640,Infinity Chemical Holdings Company Ltd.,http://www.infinitychemical.com
641,Fong's Industries Company Limited,http://www.fongs.com
642,Paladin Ltd. - Convertible Redeemable Preference Shares,http://www.paladinlimited.com
643,Carry Wealth Holdings Limited,http://www.carrywealth.com
645,KTP Holdings Limited,http://www.ktpgroup.com
646,China Environmental Technology Holdings Limited,http://www.cethl.com
647,Joyce Boutique Holdings Limited,http://www.irasia.com/listco/hk/joyce/index.htm
648,China Renji Medical Group Limited,http://www.softbank.com.hk
650,Shun Cheong Holdings Limited,http://www.irasia.com/listco/hk/shuncheong
651,China Ocean Shipbuilding Industry Group Limited,http://www.wonsonintl.com
653,Bonjour Holdings Limited,http://www.bonjourhk.com/tc/main.aspx
655,Hongkong Chinese Limited,http://www.hkchinese.com.hk
656,Fosun International Limited,http://www.fosun-international.com
657,G-Vision International (Holdings) Limited,http://www.g-vision.com.hk
658,"China High Speed Transmission Equipment Group Co., Ltd.",http://www.chste.com
659,NWS Holdings Limited,http://www.nws.com.hk
660,Wai Chun Mining Industry Group Co. Limited,http://www.0660.hk
661,China Daye Non-Ferrous Metals Mining Ltd.,http://www.hk661.com
662,Asia Financial Holdings Limited,http://www.afh.hk
663,King Stone Energy Group Limited,http://www.663hk.com
665,Haitong International Securities Group Limited,http://www.htisec.com 
666,SHK Hong Kong Industries Ltd,http://www.ymi.com.hk
667,HannStar Board International Holdings Limited,http://www.hannstarboard.com
668,Doxen Energy Group Limited,http://www.doxen.com.hk 
669,Techtronic Industries Company Limited,http://www.ttigroup.com
670,China Eastern Airlines Corporation Limited,http://www.ce-air.com
672,Zhong An Real Estate Limited,http://www.zafc.com
673,China HealthCare Holdings Limited,http://www.chinahealthcareltd.com
674,Culture Landmark Investment Limited,http://www.tricor.com.hk/webservice/000674
675,K & P International Holdings Limited,http://www.kpihl.com
676,Pegasus International Holdings Limited,http://www.pegasusinternationalholdings.com
677,Golden Resources Development International Limited,http://www.grdil.com
678,Genting Hong Kong Limited,http://www.gentinghk.com 
679,Asia Tele-Net and Technology Corporation Limited,http://www.atnt.biz
680,Nan Hai Corporation Limited,http://www.nanhaicorp.com
681,Chinese People Holdings Company Limited,http://www.681hk.com
682,Chaoda Modern Agriculture (Holdings) Limited,http://www.irasia.com/listco/hk/chaoda
683,Kerry Properties Limited,http://www.kerryprops.com
684,Allan International Holdings Limited,http://www.allan.com.hk
685,Media Chinese International Limited,http://www.mediachinesegroup.com
686,Goldpoly New Energy Holdings Limited,http://www.goldpoly.hk
687,Tysan Holdings Limited,http://www.tysan.com
688,China Overseas Land & Investment Limited,http://www.coli.com.hk
689,EPI (Holdings) Limited,http://www.epiholdings.com
690,Uni-Bio Science Group Limited,http://www.uni-bioscience.com
691,China Shanshui Cement Group Limited,http://www.shanshuigroup.com
692,Bao Yuan Holdings Limited,http://www.baoyuan.com.hk
693,Tan Chong International Limited,http://www.tanchong.com
694,Beijing Capital International Airport Company Limited,http://www.bcia.com.cn
696,Travelsky Technology Limited,http://travelsky.todayir.com
697,Shougang Concord International Enterprises Company Limited,http://www.shougang-intl.com.hk
698,Tongda Group Holdings Limited,http://www.tongda.com
700,Tencent Holdings Limited,http://www.tencent.com
701,CNT Group Limited,http://www.cntgroup.com.hk
702,Sino Oil and Gas Holdings Limited,http://www.sino-oilgas.hk
703,Future Bright Holdings Limited,http://www.fb.com.hk 
704,Huscoke Resources Holdings Limited,http://www.huscoke.com
705,CVM Minerals Limited,http://www.cvmminerals.com
706,FinTronics Holdings Company Limited,http://www.fintronics.com.hk
707,Co-Prosperity Holdings Limited,http://www.capitalfp.com.hk/eng/index.jsp?co=707
708,New Media Group Holdings Limited,http://www.nmg.com.hk
709,Giordano International Limited,http://www.giordano.com.hk
710,Varitronix International Limited,http://www.varitronix.com
711,Chun Wo Development Holdings Limited,http://www.chunwo.com
712,Comtec Solar Systems Group Limited,http://www.comtecsolar.com
713,World Houseware (Holdings) Limited,http://www.worldhse.com
715,Hutchison Harbour Ring Limited,http://www.hutchisonharbourring.com
716,Singamas Container Holdings Limited,http://www.singamas.com
717,Emperor Capital Group Limited,http://www.emperor717.com
718,Bestway International Holdings Limited,http://www.irasia.com/listco/hk/bestway/index.htm
719,Shandong Xinhua Pharmaceutical Company Limited,http://www.xhzy.com
720,Wo Kee Hong (Holdings) Limited,http://www.wokeehong.com.hk
721,China Financial International Investments Limited,http://www.finance.thestandard.com.hk/en/comp_detail_link.asp?code=0721
723,Sustainable Forest Holdings Limited,http://www.susfor.com
724,Sino-Tech International Holdings Limited,http://www.irasia.com/listco/hk/sinotech/index.htm
725,Perennial International Limited,http://www.equitynet.com.hk/0725
726,South East Group Limited,http://www.ilinkfin.net/south_east_group/
727,VXL Capital Limited,http://www.vxlcapital.com
728,China Telecom Corporation Limited,http://www.chinatelecom-h.com
729,Sinopoly Battery Limited,http://www.sinopolybattery.com
730,Shougang Concord Grand (Group) Limited,http://www.shougang-grand.com.hk
731,Samson Paper Holdings Limited,http://www.samsonpaper.com
732,Truly International Holdings Limited,http://www.truly.com.hk
733,Hopefluent Group Holdings Limited,http://www.hopefluent.com
735,China Power New Energy Development Company Limited,http://www.cpne.com.hk
736,China Properties Investment Holdings Limited,http://www.736.com.hk
737,Hopewell Highway Infrastructure Limited,http://www.hopewellhighway.com
738,Le Saunda Holdings Limited,http://www.lesaunda.com.hk
739,"Zhejiang Glass Company, Limited",http://www.zjglass.cn
743,Asia Cement (China) Holdings Corporation,http://www.achc.com.cn
745,China Railsmedia Corporation Limited,http://www.whc.com.hk
746,Lee & Man Holding Limited,http://www.leeman.com.hk
747,Shenyang Public Utility Holdings Co. Ltd.,http://www.sygyfz.com
750,China Singyes Solar Technologies Holdings Limited,http://www.zhsye.com
751,Skyworth Digital Holdings Limited,http://www.skyworth.com
752,Pico Far East Holdings Limited,http://www.pico.com
753,Air China Limited,http://www.airchina.com.cn
754,Hopson Development Holdings Limited,http://www.irasia.com.hk/listco/hk/hopson
755,Shanghai Zendai Property Limited,http://www.zendai.com/zdfc/
756,Tianyi Fruit Holdings Limited,http://www.tianyi.hk.
757,Solargiga Energy Holdings Limited,http://www.solargiga.com
758,Junefield Department Store Group Limited,http://junefield.etnet.com.hk
759,CEC International Holdings Limited,http://www.0759.com
760,Tomorrow International Holdings Limited,http://www.tihl.com.hk
761,BEL Global Resources Holdings Limited,http://www.belglobal.com
762,China Unicom (Hong Kong) Limited,http://www.chinaunicom.com.hk
763,ZTE Corporation,http://www.zte.com.cn
764,Eternity Investment Limited,http://www.eternityinv.com.hk 
765,Perfectech International Holdings Limited,http://www.perfectech.com.hk
766,Sino Prosper State Gold Resources Holdings Ltd.,http://www.sinoprosper.com
767,Pacific Plywood Holdings Limited,http://www.irasia.com/listco/hk/pphl/index.htm
768,UBA Investments Limited,http://www.uba.com.hk
769,China Rare Earth Holdings Limited,http://www.creh.com.hk
770,Shanghai International Shanghai Growth Investment Limited,http://shanghaigrowth.etnet.com.hk
771,Automated Systems Holdings Limited,http://www.asl.com.hk
773,China Metal Recycling (Holdings) Limited,http://www.chinametalrecycle.com
775,"CK Life Sciences Int'l., (Holdings) Inc.",http://www.ck-lifesciences.com
776,JF Household Furnishings Limited,http://www.jffurnishings.com
777,NetDragon Websoft Inc.,http://www.nd.com.cn
778,Fortune Real Estate Investment Trust,http://www.fortunereit.com
789,Artini China Co. Ltd.,http://www.artini-china.com
794,Come Sure Group (Holdings) Limited,http://www.comesure.com
800,A8 Digital Music Holdings Limited,http://ir.a8.com
801,Golden Meditech Holdings Limited,http://www.goldenmeditech.com
802,RCG Holdings Limited,http://www.rcg.todayir.com
803,Prosperity International Holdings (H.K.) Limited,http://www.pihl-hk.com
805,Glencore International plc,http://www.glencore.com
806,Value Partners Group Limited,http://www.valuepartnersgroup.com.hk
808,Prosperity Real Estate Investment Trust,http://www.prosperityreit.com/eng/index.php
809,Global Bio-Chem Technology Group Company Limited,http://www.globalbiochem.com
810,Opes Asia Development Limited,http://www.irasia.com/listco/hk/opesasia/index.htm
811,"Sichuan Xinhua Winshare Chainstore Co., Ltd.",http://www.winshare.com.cn
812,Tanrich Financial Holdings Limited,http://www.tanrich-group.com
813,Shimao Property Holdings Limited,http://www.shimaoproperty.com
814,Beijing Jingkelong Company Limited,http://www.jkl.com.cn
817,Franshion Properties (China) Limited,http://www.franshion.com
818,Hi Sun Technology (China) Limited,http://www.irasia.com/listco/hk/hisun
819,Tianneng Power International Limited,http://www.tianneng.com.hk
820,HSBC China Dragon Fund,http://www.assetmanagement.hsbc.com/hk-chinadragonfund
821,Value Convergence Holdings Limited,http://www.valueconvergence.com
822,Ka Shui International Holdings Limited,http://www.kashui.com
823,The Link Real Estate Investment Trust,http://www.thelinkreit.com
825,New World Department Store China Limited,http://www.nwds.com.hk
826,Tiangong International Company Limited,http://www.tggj.cn
827,Ko Yo Ecological Agrotech (Group) Limited,http://www.koyochem.com
828,Dynasty Fine Wines Group Limited,http://www.dynasty-wines.com
829,Shenguan Holdings (Group) Limited,http://www.shenguan.com.cn
830,Far East Global Group Limited,http://www.fareastglobal.com
831,Convenience Retail Asia Limited,http://www.cr-asia.com
832,Central China Real Estate Limited,http://www.centralchina.com
833,Alltronics Holdings Limited,http://www.irasia.com/listco/hk/alltronics/index.htm
834,China Kangda Food Company Limited,http://www.kangdafood.com
835,Asia Coal Limited,http://www.asiacoallimited.com
836,China Resources Power Holdings Company Limited,http://www.cr-power.com
837,Carpenter Tan Holdings Limited,http://www.ctans.com
838,EVA Precision Industrial Holdings Limited,http://www.eva-group.com
839,Anhui Tianda Oil Pipe Company Limited,http://www.td-gg.com
840,Xinjiang Tianye Water Saving Irrigation System Company Limited,http://www.tianyejieshui.com.cn
841,Asia Cassava Resources Holdings Limited,http://www.asiacassava.com
842,Leoch International Technology Limited,http://www.leoch.com
845,Glorious Property Holdings Limited,http://www.gloriousphl.com.cn
846,Mingfa Group (International) Company Limited,http://www.ming-fa.com
847,Kazakhmys PLC,http://www.kazakhmys.com
848,Maoye International Holdings Limited,http://www.maoye.cn
850,PetroAsian Energy Holdings Limited,http://www.ChinaOilResources.com
851,Sheng Yuan Holdings Limited,http://www.shengyuan.hk
852,Strong Petrochemical Holdings Limited,http://www.strongpetrochem.com
853,MicroPort Scientific Corporation,http://www.microport.com.cn
855,China Water Affairs Group Limited,http://www.chinawatergroup.com
856,VST Holdings Limited,http://www.vst.com.hk
857,PetroChina Company Limited,http://www.petrochina.com.cn
858,Extrawell Pharmaceutical Holdings Limited,http://www.extrawell.com.hk
859,Henry Group Holdings Limited,http://www.henrygroup.hk
860,Ming Fung Jewellery Group Limited,http://www.mingfung.com
861,Digital China Holdings Limited,http://www.digitalchina.com.hk
862,Vision Values Holdings Ltd.,http://www.visionvalues.com.hk 
865,First Mobile Group Holdings Limited,http://www.firstmobile.com
866,China Qinfa Group Limited,http://www.qinfagroup.com
867,China Medical System Holdings Limited,http://www.cms.net.cn
868,Xinyi Glass Holdings Limited,http://xinyiglass.todayir.com
869,Playmates Toys Limited,http://www.playmatestoys.com
870,Hang Fung Gold Technology Limited,http://www.hangfung.com
871,Xiangyu Dredging Holdings Limited,http://www.xiangyu.com.hk
872,Jinheng Automotive Safety Technology Holdings Limited,http://www.jinhengholdings.com
873,International Taifeng Holdings Limited,http://www.taifeng.cc
874,Guangzhou Pharmaceutical Company Limited,http://www.equitynet.com.hk/0874/
875,Ever Fortune International Holdings Limited,http://www.875.com.hk
876,Wing Lee Holdings Limited,http://www.wingleeholdings.com
877,O-Net Communications (Group) Limited,http://www.o-netcom.com
878,Soundwill Holdings Limited,http://www.soundwill.com.hk
880,SJM Holdings Limited,http://www.sjmholdings.com
881,Zhongsheng Group Holdings Limited,http://www.zs-group.com.cn
882,Tianjin Development Holdings Limited,http://finance.thestandard.com.hk/en/0882tianjindev
883,CNOOC Limited,http://www.cnoocltd.com
885,Forefront Group Limited,http://www.forefront.com.hk
886,Silver Base Group Holdings Limited,http://www.silverbasegroup.com
887,Emperor Watch & Jewellery Limited,http://www.emperorwatchjewellery.com
888,RoadShow Holdings Limited,http://www.roadshow.com.hk
889,Datronix Holdings Limited,http://www.datronixhldgs.com.hk/investors.html
891,Trinity Limited,http://www.trinity-limited.com
893,China Vanadium Titano-Magnetite Mining Company Limited,http://www.chinavtmmining.com
894,Man Yue Technologh Holdings Limited,http://www.manyue.com
895,Dongjiang Environmental Company Limited,http://www.dongjiang.com.cn
896,Hanison Construction Holdings Limited,http://www.hanison.com
897,Wai Yuen Tong Medicine Holdings Limited,http://www.wyth.net
898,Multifield International Holdings Limited,http://www.irasia.com/listco/hk/multifield/index.htm
899,Asia Resources Holdings Limited,http://www.aplushk.com/clients/0899asiaresources
900,Aeon Credit Service (Asia) Company Limited,http://www.aeon.com.hk
901,Radford Capital Investment Limited,http://radfordcap.etnet.com.hk 
902,"Huaneng Power International, Inc.",http://www.hpi-ir.com.hk
903,TPV Technology Limited,http://www.tpv-tech.com
904,China Green (Holdings) Limited,http://www.chinagreen.com.hk
905,Mastermind Capital Limited,http://www.mastermindcapitalhk.com
906,CPMC Holdings Limited,http://www.cofco-pack.com
907,Elegance International Holdings Limited,http://www.elegance-group.com
908,Jiuzhou Development Company Limited,http://www.0908.hk
909,Zhongda International Holdings Limited,http://www.finance.thestandard.com.hk/en/0909zhongda
910,China Grand Forestry Resources Group Limited,http://www.capitalfp.com.hk/eng/index.jsp?co=910
912,Suga International Holdings Limited,http://www.suga.com.hk
913,Unity Investments Holdings Limited,http://www.unity913.com
914,Anhui Conch Cement Company Limited,http://www.conch.cn
915,Linmark Group Limited,http://www.linmark.com
916,China Longyuan Power Group Corporation Limited,http://www.clypg.com.cn
917,New World China Land Limited,http://www.nwcl.com.hk
918,Takson Holdings Limited,http://www.takson.com
919,Modern Beauty Salon Holdings Limited,http://www.modernbeautysalon.com
921,Hisense Kelon Electrical Holdings Company Limited,http://www.kelon.com
922,China Boon Holdings Limited,http://www.china-boon.com
923,Fook Woo Group Holdings Limited,http://www.fookwoo.com
925,Beijing Properties (Holdings) Limited,http://www.bphl.com.hk
926,Besunyen Holdings Company Limited,http://www.besunyen.com
927,Fujikon Industrial Holdings Limited,http://www.fujikon.com
928,Tack Fat Group International Limited,http://www.tackfatgroup.com 
929,IPE Group Limited,http://www.ipegroup.com
930,"China Forestry Holdings Co., Ltd.",http://www.chinaforestryholding.com
931,Artel Solutions Group Holdings Limited,http://artelgroup.todayir.com
933,Brightoil Petroleum (Holdings) Limited,http://www.brightoil.com.hk
934,Sinopec Kantons Holdings Limited,http://www.sinopec.com.hk
935,Dragon Crown Group Holdings Limited,http://www.dragoncrown.com
936,Manta Holdings Company Limited,http://www.mantagroup.com.hk
938,Man Sang International Limited,http://www.man-sang.com
939,China Construction Bank Corporation,http://www.ccb.com
940,China Animal Healthcare Ltd.,http://www.chinanimalhealthcare.com
941,China Mobile Limited,http://www.chinamobileltd.com
943,Eforce Holdings Limited,http://www.todayir.com/listco/hk/eforce
945,Manulife Financial Corporation,http://www.manulife.com
946,Hontex International Holdings Company Limited,http://ir.hontex.cn
947,"MOBI Development Co., Ltd.",http://www.mobi-antenna.com
948,Z-Obee Holdings Limited,http://www.z-obee.com
950,Lee's Pharmaceutical Holdings Limited,http://www.leespharm.com
951,Chaowei Power Holdings Limited,http://www.chaowei.com.hk
952,Quam Limited,http://www.quamlimited.com
953,Meike International Holdings Limited,http://www.meike.cn
955,Schramm Holding AG,http://www.schramm-holding.com
956,China Suntien Green Energy Corporation Limited,http://www.suntien.com
958,Huaneng Renewables Corporation Limited,http://www.hnr.com.cn
959,Amax Holdings Limited,http://www.amaxhldg.com
960,Longfor Properties Co. Ltd.,http://www.longfor.com.cn
963,Bloomage BioTechnology Corporation Limited,http://www.bloomagebio-tech.com
966,China Taiping Insurance Holdings Co. Ltd.,http://www.ctih.cntaiping.com 
967,Sound Global Ltd,http://www.soundglobal.com.sg
968,Little Sheep Group Limited,http://www.LittleSheep.com
969,Hua Lien International (Holdings) Company Limited,http://finance.thestandard.com.hk/en/0969hualien
970,Sparkle Roll Group Limited,http://www.hk970.com
973,L'Occitane International S.A.,http://www.loccitane.com
975,Mongolian Mining Corporation,http://www.mmc.mn
976,Chiho-Tiande Group Limited,http://www.chiho-tiande.com
978,Tonic Industries Holdings Limited,http://www.tonic.com.hk
979,Green Energy Group Limited,http://www.greenenergy.hk
980,"Lianhua Supermarket Holdings Co., Ltd.",http://www.lhok.com.cn
981,Semiconductor Manufacturing International Corporation,http://www.smics.com/
982,iOne Holdings Limited,http://www.ioneholdings.com
983,Shui On Construction and Materials Limited,http://www.socam.com
984,"Aeon Stores (Hong Kong) Co., Limited",http://www.jusco.com.hk
985,CST Mining Group Limited,http://www.cstmining.com
986,China Environmental Energy Investment Limited,http://www.986.com.hk
987,China Renewable Energy Investment Limited,http://www.cre987.com
988,Loudong General Nice Resources (China) Holdings Limited,http://www.generalnice.com.hk
989,China Motion Telecom International Limited,http://www.chinamotion.com
990,Theme International Holdings Limited,http://www.990.com.hk
991,"Datang International Power Generation Co., Ltd.",http://www.dtpower.com
992,Lenovo Group Limited,http://www.lenovo.com/hk/publication/
993,Simsen International Corporation Limited,http://www.simsen.com
995,Anhui Expressway Company Limited,http://www.anhui-expressway.cn
996,Oriental Ginza Holdings Limited,http://www.orientalginza.com
997,Decca Holdings Limited,http://www.decca.com.hk
998,China CITIC Bank Corporation Limited,http://bank.ecitic.com
999,I.T Limited,http://www.ithk.com
1000,Beijing Media Corporation Limited,http://www.bjmedia.com.cn
1001,Van Shung Chong Holdings Limited,http://www.vschk.com
1002,V.S. International Group Limited,http://www.vs138.com
1003,21 Holdings Limited,http://www.irasia.com/listco/hk/21holdings/index.htm
1004,Rising Development Holdings Limited,http://www.hkrising.com
1005,Matrix Holdings Limited,http://www.irasia.com/listco/hk/matrix/index.htm
1006,China Corn Oil Company Ltd.,http://www.chinacornoil.com
1007,Global Dairy Holdings Limited,http://www.global-dairy.com.cn
1008,Brilliant Circle Holdings International Limited,http://www.bcghk.cn
1009,International Entertainment Corporation,http://www.ientcorp.com
1010,PacMos Technologies Holdings Limited,http://pacmos.etnet.com.hk
1011,China NT Pharma Group Company Limited,http://www.ntpharma.com
1013,Wai Chun Group Holdings Limited,http://www.1013.hk
1019,Convoy Financial Services Holdings Limited,http://www.convoy.com.hk
1020,Sinoref Holdings Limited,http://www.sinoref.com.hk
1021,Midas Holdings Limited,http://www.midas.com.sg
1025,"Wumart Stores, Inc.",http://www.wumart.com
1026,Universal Technologies Holdings Limited,http://www.uth.com.hk
1029,IRC Limited,http://www.ircgroup.com.hk
1031,Kingston Financial Group Limited,http://www.kingston.com.hk
1033,Sinopec Yizheng Chemical Fibre Company Limited,http://www.ycfc.com
1036,Winsor Properties Holdings Limited,http://www.winsorprop.com
1037,Daiwa Associate Holdings Limited,http://www.daiwahk.com/news.phtml
1038,Cheung Kong Infrastructure Holdings Limited,http://www.cki.com.hk
1039,Changfeng Axle (China) Company Limited,http://www.changfengaxle.com.hk
1041,Fulbond Holdings Limited,http://www.fulbond.com
1043,Coslight Technology International Group Limited,http://www.irasia.com/listco/hk/coslight/
1044,Hengan International Group Company Limited,http://www.hengan.com
1045,APT Satellite Holdings Limited,http://www.apstar.com
1046,Universe International Holdings Limited,http://www.uih.com.hk
1047,Ngai Hing Hong Company Limited,http://www.nhh.com.hk
1048,Novo Group Ltd.,http://www.novogroupltd.com
1049,Celestial Asia Securities Holdings Limited,http://www.cash.com.hk
1050,Karrie International Holdings Limited,http://www.karrie.com.hk
1051,G-Resources Group Ltd,http://www.g-resources.com
1052,GZI Transport Limited,http://www.irasia.com/listco/hk/gzitransport/index.htm 
1053,Chongqing Iron & Steel Company Limited,http://www.cqgt.cn
1055,China Southern Airlines Company Limited,http://www.cs-air.com
1057,Zhejiang Shibao Company Limited,http://www.zjshibao.com
1058,Guangdong Tannery Limited,http://www.gdtann.com.hk
1059,Kantone Holdings Limited,http://www.kantone.com
1060,China Vision Media Group Limited,http://www.irasia.com/listco/hk/chinavision/index.htm
1061,Essex Bio-Technology Limited,http://www.essexbio.com 
1062,New Capital International Investment Limited,http://www.newcapital.com.hk
1063,SunCorp Technologies Limited,http://suncorp.quamir.com
1064,Zhong Hua International Holdings Limited,http://www.zhonghuagroup.com
1065,Tianjin Capital Environmental Protection Company Limited,http://www.ifn.com.hk/ir/tjcep
1066,Shandong Weigao Group Medical Polymer Company Limited,http://www.weigaogroup.com
1068,China Yurun Food Group Limited,http://www.yurun.com.hk
1069,Jiangchen International Holdings Limited,http://www.jcholding.hk
1070,TCL Multimedia Technology Holdings Limited,http://www.tclhk.com
1071,Huadian Power International Corporation Limited,http://www.hdpi.com.cn
1072,Dongfang Electric Corporation Limited,http://dfem.wsfg.hk
1073,China Agrotech Holdings Limited,http://www.irasia.com/listco/hk/chinaagrotech/index.htm
1075,CapInfo Company Limited,http://www.capinfo.com.cn
1076,First Natural Foods Holdings Limited,http://www.equitynet.com.hk/1076/
1079,PINE Technology Holdings Limited,http://www.pinegroup.com
1080,Shengli Oil & Gas Pipe Holdings Ltd.,http://www.slogp.com
1082,Modern Education Group Limited,http://www.moderneducationgroup.com
1083,Towngas China Company Limited,http://www.towngaschina.com
1085,Hengxin Technology Ltd.,http://www.hengxin.com.sg
1086,Goodbaby International Holdings Limited,http://www.gbinternational.com.hk
1087,HL Technology Group Limited,http://www.hong-lin.com.cn
1088,China Shenhua Energy Company Limited,http://www.csec.com
1089,Sumpo Food Holdings Limited,http://www.sumpofood.com
1090,Da Ming International Holdings Limited,http://www.dmssc.net
1091,CITIC Dameng Holdings Limited,http://www.dameng.citic.com
1093,China Pharmaceutical Group Limited,http://www.irasia.com/listco/hk/cpg
1094,China Public Procurement Ltd,http://www.cpphk.com
1097,i-Cable Communications Limited,http://www.i-cablecomm.com
1098,Road King Infrastructure Limited,http://www.roadking.com.hk
1099,Sinopharm Group Co. Ltd.,http://www.sinopharmholding.com
1100,Mainland Headwear Holdings Limited,http://www.mainland.com.hk
1101,China Rongsheng Heavy Industries Group Holdings Limited,http://www.rshi.cn 
1102,Enviro Energy International Holdings Limited,http://www.enviro-energy.com.hk
1104,APAC Resources Limited,http://www.irasia.com/listco/hk/apac/index.htm
1105,Sing Tao News Corporation Limited,http://www.singtaonewscorp.com
1106,Sino Haijing Holdings Limited,http://www.sinohaijing.com
1108,Luoyang Glass Company Limited,http://clfg.wsfg.hk
1109,China Resources Land Limited,http://www.crland.com.hk
1110,Kingworld Medicines Group Limited,http://www.kingworld.com.cn
1111,Chong Hing Bank Limited,http://www.chbank.com
1112,Biostime International Holdings Limited,http://www.biostime.com.cn
1114,Brilliance China Automotive Holdings Limited,http://www.brillianceauto.com
1115,Tibet 5100 Water Resources Holdings Ltd.,http://www.5100.net
1116,Mayer Holdings Limited,http://www.mayer.com.hk
1117,China Modern Dairy Holdings Ltd.,http://www.moderndairyir.com
1118,Golik Holdings Limited,http://www.golik.com.hk
1120,Arts Optical International Holdings Limited,http://www.artsgroup.com
1121,Baofeng Modern International Holdings Company Limited,http://www.chinabaofeng.com
1122,Qingling Motors Company Limited,http://www.qingling.com.cn
1123,China-Hongkong Photo Products Holdings Limited,http://www.chinahkphoto.com.hk
1124,Coastal Greenland Limited,http://www.irasia.com/listco/hk/coastal
1125,Lai Fung Holdings Limited,http://www.laisun.com
1126,Dream International Limited,http://www.dream-i.com.hk
1128,Wynn Macau Limited,http://www.wynnmacaulimited.com
1129,China Water Industry Group Limited,http://www.chinawaterind.com
1130,China Environmental Resources Group Limited,http://benefun.etnet.com.hk
1131,Agritrade Resources Limited,http://www.agritraderesources.com
1132,Orange Sky Golden Harvest Entertainment (Holdings) Limited,http://www.irasia.com/listco/hk/goldenharvest/index.htm
1133,Harbin Power Equipment Company Limited,http://www.chpec.com
1135,Asia Satellite Telecommunications Holdings Limited,http://www.asiasat.com
1136,TCC International Holdings Limited,http://www.tcchk.com
1137,City Telecom (H.K.) Limited,http://www.ctigroup.com.hk
1138,China Shipping Development Company Limited,http://www.cnshippingdev.com
1139,Victory Group Limited,http://www.victorygroup.com.hk
1140,OP Financial Investments Limited,http://www.opfin.com.hk
1141,Beijing Yu Sheng Tang Pharmaceutical Group Limited,http://www.beijingyst.com 
1142,Siberian Mining Group Company Limited,http://www.ilinkfin.net/siberian_mining
1143,Telefield International (Holdings) Limited,http://www.telefieldgroup.com.hk
1145,Courage Marine Group Limited,http://www.couragemarine.com
1149,Anxin-China Holdings Limited,http://www.anxin-china.com.hk
1150,Milan Station Holdings Limited,http://www.milanstation.com.hk
1155,Centron Telecom International Holding Ltd,http://www.centron.com.hk
1157,"Changsha Zoomlion Heavy Industry Science & Technology Development Co., Ltd.",http://www.zoomlion.com
1159,Karce International Holdings Company Limited,http://www.aplushk.com/clients/1159
1160,Grand Investment International Ltd.,http://www.grandinv.com
1161,Water Oasis Group Limited,http://www.wateroasis.com.hk
1163,Dejin Resources Group Company Limited,http://www.dejinresources.com
1164,Vital Pharmaceutical Holdings Limited,http://www.vital-pharm.com
1166,Solartech International Holdings Limited,http://www.1166hk.com
1168,Sinolink Worldwide Holdings Limited,http://www.sinolinkhk.com
1169,"Haier Electronics Group Co., Ltd.",http://www.haier-elec.com.hk
1170,Kingmaker Footwear Holdings Limited,http://www.irasia.com/listco/hk/kingmaker
1171,Yanzhou Coal Mining Company Limited,http://www.yanzhoucoal.com.cn
1172,Midas International Holdings Limited,http://www.midasprinting.com
1173,Veeko International Holdings Limited,http://irasia.com/listco/hk/veeko/index.htm
1174,Pacific Andes International Holdings Limited,http://www.pacificandes.com
1175,FU JI Food and Catering Services Holdings Limited,http://www.fujicatering.com
1176,Zhuguang Holdings Group Company Limited,http://www.zhuguang.com.hk
1177,Sino Biopharmaceutical Limited,http://www.sinobiopharm.com
1178,Vitop Bioenergy Holdings Limited,http://www.ilinkfin.net/vitop/
1180,Paradise Entertainment Limited,http://www.hk1180.com
1181,Tang Palace (China) Holdings Limited,http://www.tanggong.cn
1182,C Y Foundation Group Limited,http://www.cyfoundation.com
1184,S.A.S. Dragon Holdings Limited,http://www.sasdragon.com.hk
1185,China Energine International (Holdings) Limited,http://www.energine.hk
1186,China Railway Construction Corporation Limited,http://www.crcc.cn
1187,Pearl River Tyre (Holdings) Limited,http://www.pearlrivertyres1187.com
1188,Hybrid Kinetic Group Limited,http://hk1188.etnet.com.hk
1189,Rosedale Hotel Holdings Limited,http://www.rhh.com.hk
1191,Yueshou Environmental Holdings Limited,http://www.yueshou.hk
1192,Titan Petrochemicals Group Limited,http://www.petrotitan.com
1193,China Resources Gas Group Limited,http://www.crgas.com.hk 
1194,"China Precious Metal Resources Holdings Co., Limited",http://cpm.etnet.com.hk
1195,Kingwell Group Limited,http://kingwell.todayir.com
1196,Cheong Ming Investments Limited,http://www.cheongming.com/eng/listco_fin_info.htm
1198,Royale Furniture Holdings Limited,http://www.royale.todayir.com
1199,COSCO Pacific Limited,http://www.coscopac.com.hk
1200,Midland Holdings Limited,http://www.midland.com.hk
1201,Kith Holdings Limited,http://www.kithholdings.com
1202,Chengdu Putian Telecommunications Cable Company Limited,http://putian.wsfg.hk
1203,Guangnan (Holdings) Limited,http://www.gdguangnan.com
1205,CITIC Resources Holdings Limited,http://www.irasia.com/listco/hk/citicresources
1207,SRE Group Limited,http://www.sre.com.cn
1208,Minmetals Resources Limited,http://www.minmetalsresources.com
1211,BYD Company Limited,http://www.byd.com.cn
1212,Lifestyle International Holdings Limited,http://www.lifestylehk.com.hk
1213,Mobicon Group Limited,http://www.mobicon.com
1215,Kai Yuan Holdings Limited,http://www.kaiyuanholdings.com
1217,China Innovation Investment Limited,http://www.1217.com.hk
1218,Easyknit International Holdings Limited,http://www.easyknit.com
1220,Ocean Grand Holdings Limited,http://www.ogh-1220.info
1221,Sino Hotels (Holdings) Limited,http://www.sino.com
1222,Wang On Group Limited,http://www.wangon.com/
1223,Symphony Holdings Limited,http://www.symphonyholdings.com
1224,C C Land Holdings Limited,http://www.ccland.com.hk
1225,Lerado Group (Holding) Company Limited,http://www.irasia.com/listco/hk/lerado/index.htm
1226,Garron International Limited,http://www.garroninternational.com
1227,National Investments Fund Limited,http://www.nif-hk.com 
1228,Superb Summit International Timber Company Limited,http://www.ssitimber.com.hk 
1229,International Resources Enterprise Limited,http://www.inren.com.hk
1230,Yashili International Holdings Ltd.,http://www.yashili.hk
1231,Newton Resources Ltd,http://www.newton-resources.com
1234,China Lilang Limited,http://www.lilanz.com
1238,Powerlong Real Estate Holdings Limited,http://www.powerlong.com
1241,Shuanghua Holdings Limited,http://www.shshuanghua.com
1278,China New Town Development Company Limited,http://www.china-newtown.com
1280,"Huiyin Household Appliances (Holdings) Co., Ltd.",http://www.www.hyjd.com
1282,World Wide Touch Technology (Holdings) Limited,http://www.wwtt.hk
1288,Agricultural Bank of China Limited,http://www.abchina.com
1299,AIA Group Limtied,http://www.aia.com
1308,SITC International Holdings Company Limited,http://www.sitc.com
1313,China Resources Cement Holdings Limited,http://www.irasia.com/listco/hk/crcement/index.htm
1318,Greens Holdings Limited,http://www.greensholdings.com
1323,Newtree Group Holdings Limited,http://www.newtreegroupholdings.com
1328,International Elite Limited,http://www.iel.hk
1333,China Zhongwang Holdings Limited,http://www.zhongwang.com
1338,BaWang International (Group) Holding Limited,http://www.bawang.com.cn
1361,361 Degrees International Limited,http://www.361sport.com
1368,Xtep International Holdings Limited,http://www.xtep.com.hk
1378,China Hongqiao Group Limited,http://www.hongqiaochina.com
1380,China Kingstone Mining Holdings Limited,http://www.kingstonemining.com
1382,Pacific Textiles Holdings Limited,http://www.pacific-textiles.com
1383,Hong Long Holdings Limited,http://www.hlkg.net
1386,Walker Group Holdings Limited,http://www.walkershop.com.hk
1387,Renhe Commercial Holdings Company Limited,http://www.renhebusiness.com
1388,Embry Holdings Limited,http://www.embryform.com
1393,Hidili Industry International Development Limited,http://www.hidili.com.cn
1398,Industrial and Commercial Bank of China Limited,http://www.icbc-ltd.com
1399,SCUD Group,http://www.scudcn.com
1428,Bright Smart Securities & Commodities Group Limited,http://www.bsgroup.com.hk
1488,Lee & Man Handbags Holding Limited,http://www.leemanhandbags.com
1555,MIE Holdings Corporation,http://www.mienergy.com.cn
1600,China Tian Lun Gas Holdings Limited,http://www.tianlungas.com
1618,Metallurgical Corporation of China Ltd.,http://www.mccchina.com.cn
1623,Hilong Holdings Limited,http://www.hilonggroup.net
1628,Yuzhou Properties Company Limited,http://www.xmyuzhou.com.cn
1633,Magic Holdings International Limited,http://www.magicholdings.co
1638,Kaisa Group Holdings Ltd.,http://www.kaisagroup.com
1666,Tong Ren Tang Technologies Company Limited,http://www.tongrentangkj.com
1668,China South City Holdings Limited,http://www.chinasouthcity.com
1682,Ford Glory Group Holdings Limited,http://www.fordglory.com.hk
1683,International Mining Machinery Holdings Limited,http://www.immchina.com
1685,Boer Power Holdings Limited,http://www.boerpower.com
1688,Alibaba.com Limited,http://ir.alibaba.com
1698,Boshiwa International Holding Limited,http://www.boshiwa.cn
1700,Springland International Holdings Limited,http://www.springlandgroup.com.cn
1708,Nanjing Sample Technology Company Limited,http://www.sampletech.com.cn
1717,Ausnutria Dairy Corporation Ltd,http://www.ausnutria.com.hk
1728,China ZhengTong Auto Services Holdings Limited,http://www.zhengtongauto.com
1733,Winsway Coking Coal Holdings Limited,http://www.winsway.com
1766,CSR Corporation Limited,http://www.csrgc.com.cn
1768,Sateri Holdings Limited,http://www.irasia.com/listco/hk/sateri 
1777,"Fantasia Holdings Group Co., Limited",http://www.cnfantasia.com
1788,Guotai Junan International Holdings Limited,http://www.gtja.com.hk
1798,"China Datang Corporation Renewable Power Co., Limited",http://www.dtxny.com.cn
1800,China Communications Construction Company Limited,http://www.ccccltd.cn 
1808,Tai-I International Holdings Limited,http://www.1808.com.hk
1812,Shandong Chenming Paper Holdings Limited,http://www.chenmingpaper.com
1813,KWG Property Holding Limited,http://www.kwgproperty.com
1818,Zhaojin Mining Industry Company,http://www.zhaojin.com.cn
1822,Perception Digital Holdings Limited,http://www.perceptiondigital.com 
1823,Huayu Expressway Group Limited,http://www.huayu.com.hk
1828,Dah Chong Hong Holdings Limited,http://www.dch.com.hk
1831,ShiFang Holding Limited,http://www.shifangholding.com
1832,Times Ltd,http://www.timesltd.com.hk
1833,Intime Department Store (Group) Company Limited,http://www.intime.com.cn
1836,Stella International Holdings Limited,http://www.stella.com.hk
1838,China Properties Group Limited,http://cpg.mydyn.net
1863,Sijia Group Company Limited,http://www.sijia.hk
1866,China XLX Fertiliser Ltd.,http://www.chinaxlx.com.hk/en/index.htm 
1868,Neo-Neon Holdings Limited,http://www.neo-neon.com
1878,SouthGobi Energy Resources Ltd.,http://www.southgobi.com
1880,Belle International Holdings Limited,http://www.belleintl.com
1881,Regal Real Estate Investment Trust,http://www.regalreit.com
1882,Haitian International Holdings Limited,http://www.haitian.com
1883,CITIC Telecom International Holdings Limited,http://www.citictel.com
1886,China Huiyuan Juice Group Limited,http://www.huiyuan.com.cn
1888,Kingboard Laminates Holdings Limited,http://www.kblaminates.com
1889,Wuyi International Pharmaceutical Company Limited,http://www.wuyi-pharma.com
1893,China National Materials Company Limited,http://www.sinoma-ltd.cn
1898,China Coal Energy Company Limited,http://www.chinacoalenergy.com
1899,Xingda International Holdings Limited,http://www.irasia.com/listco/hk/xingda/index.htm
1900,China ITS (Holdings) Company Limited,http://www.its.cn
1910,Samsonite International S.A.,http://www.samsonite.com
1913,PRADA S.p.A.,http://www.pradagroup.com
1918,Sunac China Holdings Limited,http://www.sunac.com.cn
1919,China COSCO Holdings Company Limited,http://www.chinacosco.com
1928,Sands China Ltd.,http://www.sandschinaltd.com
1938,Chu Kong Petroleum and Natural Gas Steel Pipe Holdings Limited,http://www.pck.com.cn
1966,China SCE Property Holdings Limited,http://www.sce-re.com
1968,"Peak Sport Products Co., Limited",http://www.peaksport.com
1988,"China Minsheng Banking Corp., Ltd.",http://www.cmbc.com.cn
1991,Ta Yang Group Holdings Limited,http://www.tayang.com
1997,Regent Manner International Holdings Limited,http://www.rmih.com
1998,Flyke International Holdings Ltd.,http://www.chinaflyke.com
1999,Man Wah Holdings Limited,http://www.manwahholdings.com
2000,SIM Technology Group Limited,http://www.sim.com
2002,China Sunshine Paper Holdings Company Limited,http://www.sunshinepaper.com.cn
2005,"Lijun International Pharmaceutical (Holding) Co., Ltd.",http://lijun.com.hk
2006,Shanghai Jin Jiang International Hotels (Group) Company Limited,http://www.jinjianghotels.com.cn
2007,Country Garden Holdings Company Limited,http://www.countrygarden.com.cn
2008,Phoenix Satellite Television Holdings Limited,http://www.ifeng.com
2009,BBMG Corporation,http://www.bbmg.com.cn
2010,Ruinian International Limited,http://www.ruinian.com.cn
2011,KEE Holdings company Limited,http://www.kee.com.cn
2018,AAC Acoustic Technologies Holdings Inc.,http://www.aacacoustic.com
2020,ANTA Sports Products Limited,http://ir.anta.com
2028,Jolimark Holdings Limited,http://www.jolimark.com
2038,Foxconn International Holdings Limited,http://www.fih-foxconn.com
2083,China Flooring Holding Company Limited,http://www.china-flooring.com.hk
2088,Xiwang Sugar Holdings Company Limited,http://www.xiwang-sugar.com/
2099,China Gold International Resources Corp. Ltd.,http://www.chinagoldintl.com
2118,Tian Shan Development (Holding) Limited,http://www.tian-shan.com
2128,China Liansu Group Holdings Limited,http://www.liansu.com
2168,Yingde Gases Group Company Limited,http://www.yingdegas.com
2188,China Titans Energy Technology Group Company Limited,http://www.titans.com.cn
2198,China Sanjiang Fine Chemicals Company Limited,http://www.chinasanjiang.com
2208,"Xinjiang Goldwind Science & Technology Co., Ltd.",http://www.goldwind.cn
2218,Yantai North Andre Juice Co. Ltd.,http://www.andre.com.cn
2222,NVC Lighting Holding Limited,http://www.nvc-lighting.com.cn
2228,COSTIN New Materials Group Limited,http://www.costingroup.com
2233,West China Cement Limited,http://www.westchinacement.com
2238,"Guangzhou Automobile Group Co., Ltd.",http://www.gagc.com.cn
2266,Kosmopolito Hotels International Limited,http://www.kosmohotels.com
2268,Youyuan International Holdings Limited,http://www.youyuan.com.hk
2282,MGM China Holdings Limited,http://mgmchinaholdings.com
2288,Sundart International Holdings Limited,http://www.sundart.com
2299,Billion Industrial Holdings Limited,http://www.baihong.com
2300,AMVIG Holdings Limited,http://www.irasia.com/listco/hk/amvig/index.htm
2301,New Era PRC Fund,http://www.firststateasia.com/NewEraPRCFundEnHK.aspx?WC=PRCFUND
2302,CNNC International Limited,http://www.cnncintl.com
2307,Kam Hing International Holdings Limited,http://www.kamhingintl.com
2308,EVOC Intelligent Technology Company Limited,http://www.evoc.com
2309,Birmingham International Holdings Limited,http://www.irasia.com/listco/hk/grandtop/index.htm
2310,Kwang Sung Electronics H.K. Co. Limited,http://www.kse.com.hk
2312,China Financial Leasing Group Limited,http://www.cflg.com.hk
2313,Shenzhou International Group Holdings Limited,http://www.shenzhouintl.com
2314,Lee & Man Paper Manufacturing Limited,http://www.leemanpaper.com
2317,Vedan International (Holdings) Limited,http://www.vedaninternational.com
2318,"Ping An Insurance (Group) Company of China, Ltd.",http://www.pa18.com
2319,China Mengniu Dairy Company Limited,http://www.mengniuir.com
2320,Hop Fung Group Holdings Limited,http://www.irasia.com/listco/hk/hopfung/index.htm
2322,Sam Woo Holdings Limited,http://www.samwooholdings.com.hk 
2323,Topsearch International (Holdings) Limited,http://www.topsearch.com.hk
2324,Capital VC Limited,http://www.capital-vc.com
2326,BEP International Holdings Limited,http://www.bep.com.hk
2327,Jiwa Bio-Pharm Holdings Limited,http://www.jiwa.com.hk
2328,PICC Property and Casualty Company Limited,http://www.piccnet.com.cn
2330,China Uptown Group Company Limited,http://www.quaypoint.com.hk
2331,Li Ning Company Limited,http://www.lining.com
2332,Hutchison Telecommunications International Limited,http://www.htil.com
2333,Great Wall Motor Company Limited,http://www.gwm.com.cn
2336,Sunlink International Holdings Limited,http://www.equitynet.com.hk/2336 
2337,"Shanghai Forte Land Co., Ltd.",http://www.forte.com.cn
2338,"Weichai Power Co., Ltd.",http://www.weichai.com
2339,Norstar Founders Group Limited,http://www.norstar.com.hk
2340,Synergis Holdings Limited,http://www.synergis.com.hk
2341,EcoGreen Fine Chemicals Group Limited,http://www.ecogreen.com
2342,Comba Telecom Systems Holdings Limited,http://www.comba-telecom.com
2343,Pacific Basin Shipping Limited,http://www.pacificbasin.com
2345,Shanghai Prime Machinery Company Limited,http://www.pmcsh.com
2348,Dawnrays Pharmaceutical (Holdings) Limited,http://www.dawnrays.com
2349,China Water Property Group Limited,http://www.waterpropertygroup.com
2355,Baoye Group Company Limited,http://www.irasia.com/listco/hk/baoyegroup/
2356,Dah Sing Banking Group Limited,http://www.dahsing.com
2357,Avichina Industry & Technology Company Limited,http://www.avichina.com
2358,Mitsumaru East Kit (Holdings) Limited,http://www.mitsumaru-ek.com
2362,Jinchuan Group International Resources Co. Ltd.,http://www.macau-holdings.com
2366,Qin Jia Yuan Media Services Company Limited,http://www.qjymedia.com
2368,Eagle Nice (International) Holdings Limited,http://www.eaglenice.com.hk
2369,China Wireless Technologies Limited,http://www.chinawireless.cn
2371,China Oriental Culture Group Limited,http://www.chinaoc.com.hk
2378,Prudential plc,http://www.prudential.co.uk
2379,Zhongtian International Limited,http://www.irasia.com/listco/hk/zhongtian/index.htm
2380,China Power International Development Limited,http://www.chinapower.hk 
2382,Sunny Optical Technology (Group) Company Limited,http://www.sunnyoptical.com
2383,TOM Group Limited,http://www.tomgroup.com
2387,Integrated Distribution Services Group Limited,http://www.idsgroup.com
2388,BOC Hong Kong (Holdings) Limited,http://www.bochk.com
2389,Genvon Group Limited,http://www.genvon.com
2398,Good Friend International Holdings Inc.,http://www.goodfriend.hk
2488,Launch Tech Company Limited,http://www.cnlaunch.com
2468,Trony Solar Holdings Company Limited,http://www.trony.com
2600,Aluminum Corporation Of China Limited,http://www.chalco.com.cn
2601,"China Pacific Insurance (Group) Co., Ltd.",http://www.cpic.com.cn
2607,"Shanghai Pharmaceuticals Holding Co., Ltd.",http://www.pharm-sh.com.cn
2618,TCL Communication Technology Holdings Limited,http://tclcom.tcl.com 
2626,Hunan Nonferrous Metals Corporation Limited,http://www.hnc2626.com
2628,China Life Insurance Company Limited,http://www.e-chinalife.com
2662,Fittec International Group Limited,http://www.fittec.com.hk
2668,Pak Tak International Limited,http://www.paktak.com
2678,Texhong Textile Group Limited,http://www.texhong.com
2688,ENN Energy Holdings Limited,http://www.xinaogas.com
2689,Nine Dragons Paper (Holdings) Limited,http://www.ndpaper.com
2698,Weiqiao Textile Company Limited,http://www.wqfz.com
2700,Smart Union Group (Holdings) Limited,http://www.smartunion.com.hk
2722,Chongqing Machinery & Electric Company Limited,http://www.chinacqme.com
2727,Shanghai Electric Group Company Limited,http://www.shanghai-electric.com
2728,Shinhint Acoustic Link Holdings Limited,http://www.shinhint.com
2777,"Guangzhou R&F Properties Co., Ltd",http://www.rfchina.com
2778,Champion Real Estate Investment Trust,http://www.championreit.com
2788,Yorkey Optical International (Cayman) Ltd,http://www.yorkey-optical.com
2789,Yuanda China Holdings Limited,http://www.yuandacn.com
2800,Tracker Fund of Hong Kong,http://www.trahk.com.hk
2801,ishares MSCI China Index EFT,http://www.ishares.com.hk
2802,iShares MSCI Emerging Asia Index ETF,http://www.ishares.com.hk
2803,LYXOR ETF FTSE RAFI US 1000,http://www.lyxoretf.com.hk
2806,LYXOR ETF FTSE RAFI EUROPE,http://www.lyxoretf.com.hk
2809,Lyxor ETF Commodities Thomson Reuters/Jefferies CRB TR,http://www.lyxoretf.com.hk
2810,Lyxor ETF MSCI India,http://www.lyxoretf.com.hk
2812,Lyxor ETF MSCI World,http://www.lyxoretf.com.hk
2813,Lyxor ETF MSCI Korea,http://www.lyxoretf.com.hk
2814,LYXOR ETF JAPAN (TOPIX),http://www.lyxoretf.com.hk
2815,Lyxor ETF MSCI AC Asia-Pacific ex Japan,http://www.lyxoretf.com.hk
2816,db x-trackers CSI300 Real Estate Index ETF,http://www.dbxtrackers.com.hk
2817,W.I.S.E. - CSI HK Listed Mainland Consumption Tracker,http://www.boci-pru.com.hk
2818,PAragon CSI RAFI 50 ETF,http://asset.pingan.com.hk 
2819,ABF Hong Kong Bond Index,http://www.assetmanagement.hsbc.com/hk-ABF
2820,LYXOR ETF MSCI EMERGING MARKETS,http://www.lyxoretf.com.hk
2821,ABF Pan Asia Bond Index Fund,http://www.abf-paif.com
2823,iShares FTSE A50 China Index EFT,http://www.ishares.com.hk
2825,W.I.S.E - CSI HK 100 Tracker,http://www.boci-pru.com.hk
2826,Lyxor ETF NASDAQ-100,http://www.lyxoretf.com.hk
2827,W.I.S.E - CSI 300 China Tracker,http://www.boci-pru.com.hk
2828,Hang Seng H-share Index ETF,http://www.hangseng.com/etf
2829,iShares CSI A-Share Financials Index ETF,http://www.ishares.com.hk
2831,Lyxor ETF Russia (DJ RUSINDEX TITANS 10),http://www.lyxoretf.com.hk
2833,Hang Seng Index ETF,http://www.hangseng.com/etf
2835,Mirae Asset TIGER KOSPI 200 ETF,http://www.tigeretf.com.hk
2836,iShares BSE SENSEX India Index ETF,http://www.ishares.com.hk
2837,LYXOR ETF MSCI TAIWAN,http://www.lyxoretf.com.hk
2838,Hang Seng FTSE China 25 Index ETF,http://www.hangseng.com/etf
2839,W.I.S.E. - CSI HK Listed Mainland Real Estate Tracker,http://www.boci-pru.com.hk
2840,SPDR GOLD TRUST,http://www.spdrgoldshares.com
2841,iShares CSI A-Share Consumer Staples Index ETF,http://hk.ishares.com
2844,db x-trackers CSI300 Financials Index ETF,http://www.dbxtrackers.com.hk
2846,iShares CSI 300 A-Share Index ETF,http://www.ishares.com.hk
2848,db x-trackers MSCI Korea TRN Index ETF,http://www.dbxtrackers.com.hk
2866,China Shipping Container Lines Company Limited,http://www.cscl.com.cn
2868,Beijing Capital Land Limited,http://www.bjcapitalland.com
2877,China Shineway Pharmaceutical Group Limited,http://www.shineway.com.hk
2878,Solomon Systech (International) Limited,http://www.solomon-systech.com
2880,Dalian Port (PDA) Company Limited,http://www.dlport.cn
2882,Hong Kong Resources Holdings Company Limited,http://www.hkrh.hk 
2883,China Oilfield Services Limited,http://www.cosl.com.cn
2888,Standard Chartered Plc,http://www.standardchartered.com
2889,China Nickel Resources Holdings Company Limited,http://www.cnrholdings.com
2898,Longrun Tea Group Company Limited,http://longruntea.etnet.com.hk 
2899,"Zijin Mining Group Co., Ltd.",http://www.zjky.cn
3000,HSBC MSCI Hong Kong ETF,http://www.etf.hsbc.com/hk
3001,iShares CSI A-Share Consumer Discretionary Index ETF,http://hk.ishares.com
3002,Polaris Taiwan Top 50 Tracker Fund (H.K.),http://www.polaris.com.hk
3004,iShares MSCI Asia APEX Small Cap Index ETF,http://www.ishares.com.hk
3005,db x-trackers CSI300 Industrials Index ETF,http://www.dbxtrackers.com.hk
3006,iShares CSI A-Share Infrastructure Index ETF,http://www.ishares.com.hk
3007,db x-trackers FTSE China 25 ETF,http://www.dbxtrackers.com.hk
3009,db x-trackers MSCI Emerging Markets TRN Index ETF,http://www.dbxtrackers.com.hk
3010,iShares MSCI Asia APEX 50 Index ETF,http://www.ishares.com.hk
3011,db x-trackers US Dollar Money Market ETF,http://www.dbxtrackers.com.hk
3015,db x-trackers S&P CNX Nifty ETF,http://www.dbxtrackers.com.hk
3017,db x-trackers CSI300 Energy Index ETF,http://www.dbxtrackers.com.hk
3019,db x-trackers MSCI World TRN Index ETF,http://www.dbxtrackers.com.hk
3020,db x-trackers MSCI USA TRN Index ETF,http://www.dbxtrackers.com.hk
3022,Da Cheng CSI Hong Kong Private-owned Mainland Enterprises Tracker,http://www.dcfund.com.hk
3024,W.I.S.E. - SSE50 China Tracker,http://www.boci-pru.com.hk
3025,db x-trackers CSI300 Consumer Discretionary Index ETF,http://www.dbxtrackers.com.hk
3027,db x-trackers MSCI Russia Capped Index ETF,http://www.dbxtrackers.com.hk
3032,iShares MSCI Asia APEX Mid Cap Index ETF,http://www.ishares.com.hk
3033,HSBC MSCI China ETF,http://www.etf.hsbc.com/hk
3035,db x-trackers MSCI EM Asia TRN Index ETF,http://www.dbxtrackers.com.hk
3036,db x-trackers MSCI Taiwan TRN Index ETF,http://www.dbxtrackers.com.hk
3039,iShares CSI A-Share Materials Index ETF,http://www.ishares.com.hk
3043,db x-trackers MSCI Pacific Ex Japan TRN Index ETF,http://www.dbxtrackers.com.hk
3046,Value China ETF,http://www.sam-etf.com.hk
3048,db x-trackers MSCI Brazil TRN Index ETF,http://www.dbxtrackers.com.hk
3049,db x-trackers CSI300 Index ETF,http://www.dbxtrackers.com.hk
3050,iShares CSI A-Share Energy Index ETF,http://www.ishares.com.hk
3051,CICC-SZSE 100 Index Tracker,http://www.cicc.com.cn/etf
3052,db x-trackers CSI300 Utilities Index ETF,http://www.dbxtrackers.com.hk
3057,db x-trackers CSI300 Health Care Index ETF,http://www.dbxtrackers.com.hk
3061,db x-trackers CSI300 Banks Index ETF,http://www.dbxtrackers.com.hk
3062,db x-trackers CSI300 Materials Index ETF,http://www.dbxtrackers.com.hk
3063,db x-trackers CSI300 Transportation Index ETF,http://www.dbxtrackers.com.hk
3071,Da Cheng CSI China Mainland Consumer Tracker,http://www.dcfund.com.hk
3073,SPDR? FTSE? Greater China ETF,http://www.spdrs.com.hk/3073.aspx
3077,Da Cheng CSI Hong Kong State-owned Mainland Enterprises Tracker,http://www.dcfund.com.hk
3081,Value Gold ETF,http://www.sam-etf.com.hk
3083,HSBC MSCI Taiwan ETF,http://www.etf.hsbc.com/hk
3087,db x-trackers FTSE Vietnam ETF,http://www.dbxtrackers.com.hk
3088,HSBC MSCI Golden Dragon ETF,http://www.etf.hsbc.com/hk
3300,China Glass Holdings Limited,http://www.chinaglassholdings.com
3303,Jutal Offshore Oil Services Limited,http://www.jutal.com
3308,Golden Eagle Retail Group Limited,http://www.geretail.com
3311,China State Construction International Holdings Limited,http://www.csci.com.hk
3313,Meadville Holdings Limited,http://www.meadvillegroup.com
3318,China Flavors and Fragrances Company Limited,http://www.chinaffl.com
3322,Win Hanverky Holdings Limited,http://www.winhanverky.com
3323,China National Building Material Company Limited,http://cnbm.wsfg.hk
3328,"Bank of Communications Co., Ltd.",http://www.bankcomm.com
3330,Lingbao Gold Company Ltd.,http://www.irasia.com/listco/hk/lingbao
3331,Vinda International Holdings Limited,http://www.vindapaper.com
3333,Evergrande Real Estate Group Limited,http://www.evergrande.com
3335,DBA Telecommunication (Asia) Holdings Limited,http://www.dba-asia.com
3336,Ju Teng International Holdings Limited,http://www.irasia.com/listco/hk/juteng
3337,Anton Oilfield Services Group,http://www.antonoil.com
3339,Lonking Holdings Limited,http://www.chinalonggong.com
3344,Addchance Holdings Limited,http://www.irasia.com/listco/hk/addchance/index.htm
3355,Advanced Semiconductor Manufacturing Corporation Limited,http://www.asmcs.com
3360,Far East Horizon Limited,http://www.fehorizon.com
3363,Zhengye International Holdings Company Limited,http://www.zhengye-cn.com 
3366,Overseas Chinese Town (Asia) Holdings Limited,http://www.oct-asia.com
3368,Parkson Retail Group Limited,http://www.parkson.com.cn
3377,Sino-Ocean Land Holdings Limited,http://www.sinooceanland.com
3378,"Xiamen International Port Co., Ltd",http://www.xipc.com.cn
3382,Tianjin Port Development Holdings Limited,http://www.tianjinportdev.com
3383,Agile Property Holdings Limited,http://www.agile.com.cn
3389,Hengdeli Holdings Limited,http://www.xinyuhengdeli.com
3393,Wasion Group Holdings Limited,http://www.wasion.com 
3398,China Ting Group Holdings Limited,http://www.chinating.com.hk
3399,Guangdong Nan Yue Logistics Company Limited,http://www.southchina-logistics.com
3618,"Chongqing Rural Commercial Bank Co., Ltd.",http://www.cqrcb.com
3683,Great Harvest Maeta Group Holdings Limited,http://www.greatharvestmg.com
3688,Top Spring International Holdings Limited,http://www.topspring.com
3777,china Fiber Optic Network System Group Ltd.,http://www.chinafiberoptic.com
3800,GCL-Poly Energy Holdings Limited,http://www.gcl-poly.com.hk
3808,Sinotruk (Hong Kong) Limited,http://www.sinotruk.com
3813,Pou Sheng International (Holdings) Limited,http://www.pousheng.com
3818,"China Dongxiang (Group) Co., Ltd",http://www.dxsport.com
3823,Tech Pro Technology Development Limited,http://www.techprotd.com
3828,Ming Fai International Holdings Limited,http://www.mingfaigroup.com
3833,"Xinjiang Xinxin Mining Industry Co., Ltd",http://kunlun.wsfg.hk 
3838,China Starch Holdings Limited,http://www.chinastarch.com.hk
3868,Qunxing Paper Holdings Company Limited,http://www.qxpaper.com
3883,China Aoyuan Property Group Limited,http://www.aoyuan.com.cn
3886,Town Health International Holdings Company Limited,http://www.townhealth.com
3888,Kingsoft Corporation Ltd.,http://www.kingsoft.com
3889,Global Sweeteners Holdings Limited,http://www.global-sweeteners.com
3898,"Zhuzhou CSR Times Electric Co., Ltd.",http://www.timeselectric.cn
3899,CIMC Enric Holdings Ltd,http://www.irasia.com/listco/hk/enric/index.htm
3900,Greentown China Holdings Limited,http://www.chinagreentown.com
3918,NagaCorp Ltd.,http://www.nagacorp.com
3928,Zhengzhou Gas Company Limited,http://www.hnzzgas.com
3933,The United Laboratories International Holdings Limited,http://www.tul.com.cn
3938,Samling Global Limited,http://www.irasia.com/listco/hk/samling/index.htm 
3968,"China Merchants Bank Co., Ltd.",http://www.cmbchina.com
3983,China BlueChemical Ltd.,http://www.chinabluechem.com.cn
3988,Bank of China Limited,http://www.boc.cn
3989,New Environmental Energy Holdings,http://www.neeh.com.hk 
,Limited,
3993,"China Molybdenum Co., Ltd.",http://www.chinamoly.com
3998,Bosideng International Holdings Limited,http://www.bosideng.com
3999,DaChan Food (Asia) Limited,http://www.dfa3999.com
6210,Vale S.A. Common - DR,http://www.vale.com
6230,Vale S.A. Class A Preferred - DR,http://www.vale.com
6488,"SBI Holdings, Inc.",http://www.sbigroup.co.jp
87001,Hui Xian Real Estate Investment Trust,http://www.huixianreit.com/ 
